{
    "function": "bin.ensemble.main",
    "gpus": [
        "NVIDIA A100-SXM4-80GB"
    ],
    "config": {
        "seeds": [
            5,
            6,
            7,
            8,
            9
        ],
        "data": {
            "path": ":data/homesite-insurance"
        }
    },
    "single_model_function": "bin.nn_baselines.main",
    "prediction_type": "probs",
    "metrics": {
        "train": {
            "0": {
                "precision": 0.932728038126322,
                "recall": 0.9862505564073396,
                "f1-score": 0.9587428949955126,
                "support": 181971.0
            },
            "1": {
                "precision": 0.9215846052590341,
                "recall": 0.6943493352853668,
                "f1-score": 0.7919898728722258,
                "support": 42349.0
            },
            "accuracy": 0.9311430099857346,
            "macro avg": {
                "precision": 0.927156321692678,
                "recall": 0.8402999458463531,
                "f1-score": 0.8753663839338692,
                "support": 224320.0
            },
            "weighted avg": {
                "precision": 0.9306242879547065,
                "recall": 0.9311430099857346,
                "f1-score": 0.9272618690776314,
                "support": 224320.0
            },
            "cross-entropy": 0.18373452614287128,
            "roc-auc": 0.9702696066333634,
            "score": 0.9702696066333634
        },
        "val": {
            "0": {
                "precision": 0.9278524433447675,
                "recall": 0.985604205244609,
                "f1-score": 0.9558567952728537,
                "support": 16741.0
            },
            "1": {
                "precision": 0.8976645435244162,
                "recall": 0.6223138062996761,
                "f1-score": 0.7350486787204451,
                "support": 3397.0
            },
            "accuracy": 0.924322176978846,
            "macro avg": {
                "precision": 0.9127584934345918,
                "recall": 0.8039590057721426,
                "f1-score": 0.8454527369966494,
                "support": 20138.0
            },
            "weighted avg": {
                "precision": 0.922760165278935,
                "recall": 0.924322176978846,
                "f1-score": 0.9186095427190484,
                "support": 20138.0
            },
            "cross-entropy": 0.23786891010058323,
            "roc-auc": 0.9523244375419746,
            "score": 0.9523244375419746
        },
        "test": {
            "0": {
                "precision": 0.9164367084129342,
                "recall": 0.9851677188712253,
                "f1-score": 0.9495601173020528,
                "support": 13147.0
            },
            "1": {
                "precision": 0.9098057354301573,
                "recall": 0.624841168996188,
                "f1-score": 0.7408662900188324,
                "support": 3148.0
            },
            "accuracy": 0.9155569193003988,
            "macro avg": {
                "precision": 0.9131212219215458,
                "recall": 0.8050044439337067,
                "f1-score": 0.8452132036604426,
                "support": 16295.0
            },
            "weighted avg": {
                "precision": 0.9151556833776607,
                "recall": 0.9155569193003988,
                "f1-score": 0.9092429544737265,
                "support": 16295.0
            },
            "cross-entropy": 0.27057133823539575,
            "roc-auc": 0.9500926214173443,
            "score": 0.9500926214173443
        }
    }
}
