{
    "function": "bin.nn_baselines.main",
    "gpus": [
        "NVIDIA A100-SXM4-80GB"
    ],
    "config": {
        "seed": 5,
        "patience": 16,
        "n_epochs": -1,
        "batch_size": 1024,
        "model": {
            "backbone": {
                "type": "ResNet",
                "n_blocks": 3,
                "d_block": 128,
                "d_hidden_multiplier": 2,
                "dropout1": 0.499904690155194,
                "dropout2": 0.16933086372135409
            }
        },
        "optimizer": {
            "type": "AdamW",
            "lr": 5.787810772331574e-05,
            "weight_decay": 1.048494987660001e-05
        },
        "data": {
            "seed": 0,
            "path": ":data/cooking-time",
            "cache": true,
            "split": "default",
            "cat_policy": "ordinal",
            "num_policy": "identity"
        }
    },
    "n_parameters": 224769,
    "prediction_type": "labels",
    "epoch_size": 222,
    "metrics": {
        "train": {
            "rmse": 0.44846320261384137,
            "mae": 0.3491799831390381,
            "r2": 0.5380294047737391,
            "score": -0.44846320261384137
        },
        "val": {
            "rmse": 0.46488131844149305,
            "mae": 0.3613593280315399,
            "r2": 0.5043787370099969,
            "score": -0.46488131844149305
        },
        "test": {
            "rmse": 0.48226807339539746,
            "mae": 0.3764231204986572,
            "r2": 0.48144172168592847,
            "score": -0.48226807339539746
        }
    },
    "best_step": 15762,
    "time": "0:01:00.105834",
    "chunk_size": null,
    "eval_batch_size": 32768
}
