{
    "function": "bin.nn_baselines.main",
    "gpus": [
        "NVIDIA A100-SXM4-80GB"
    ],
    "config": {
        "seed": 9,
        "patience": 16,
        "n_epochs": -1,
        "batch_size": 1024,
        "model": {
            "num_embeddings": {
                "type": "PeriodicEmbeddings",
                "n_frequencies": 128,
                "d_embedding": 8,
                "frequency_init_scale": 0.1580906882799081,
                "lite": false
            },
            "backbone": {
                "type": "MLP",
                "n_blocks": 1,
                "d_block": 2048,
                "dropout": 0.7450928456965549
            }
        },
        "optimizer": {
            "type": "AdamW",
            "lr": 0.00028455437906697303,
            "weight_decay": 1.1324288811031189e-06
        },
        "data": {
            "seed": 0,
            "path": ":data/weather",
            "cache": true,
            "split": "random-1",
            "num_policy": "noisy-quantile"
        }
    },
    "n_parameters": 1867041,
    "prediction_type": "labels",
    "epoch_size": 258,
    "metrics": {
        "train": {
            "rmse": 1.1740091853846604,
            "mae": 0.8777646422386169,
            "r2": 0.9113692006894809,
            "score": -1.1740091853846604
        },
        "val": {
            "rmse": 1.471021559489206,
            "mae": 1.0743941068649292,
            "r2": 0.8591200486723573,
            "score": -1.471021559489206
        },
        "test": {
            "rmse": 1.4598405769262215,
            "mae": 1.0762779712677002,
            "r2": 0.8617278449022333,
            "score": -1.4598405769262215
        }
    },
    "best_step": 19092,
    "time": "0:03:17.805446",
    "chunk_size": null,
    "eval_batch_size": 32768
}
