{
    "function": "bin.ensemble.main",
    "gpus": [
        "NVIDIA A100-SXM4-80GB"
    ],
    "config": {
        "seeds": [
            5,
            6,
            7,
            8,
            9
        ],
        "data": {
            "path": ":data/homecredit-default"
        }
    },
    "single_model_function": "bin.nn_baselines.main",
    "prediction_type": "probs",
    "metrics": {
        "train": {
            "0": {
                "precision": 0.968441738594328,
                "recall": 1.0,
                "f1-score": 0.9839678966428501,
                "support": 175931.0
            },
            "1": {
                "precision": 0.0,
                "recall": 0.0,
                "f1-score": 0.0,
                "support": 5733.0
            },
            "accuracy": 0.968441738594328,
            "macro avg": {
                "precision": 0.484220869297164,
                "recall": 0.5,
                "f1-score": 0.49198394832142506,
                "support": 181664.0
            },
            "weighted avg": {
                "precision": 0.9378794010516047,
                "recall": 0.968441738594328,
                "f1-score": 0.9529155805458058,
                "support": 181664.0
            },
            "cross-entropy": 0.10930228617904214,
            "roc-auc": 0.862738960632453,
            "score": 0.862738960632453
        },
        "val": {
            "0": {
                "precision": 0.96534,
                "recall": 1.0,
                "f1-score": 0.9823643746120264,
                "support": 48267.0
            },
            "1": {
                "precision": 0.0,
                "recall": 0.0,
                "f1-score": 0.0,
                "support": 1733.0
            },
            "accuracy": 0.96534,
            "macro avg": {
                "precision": 0.48267,
                "recall": 0.5,
                "f1-score": 0.4911821873060132,
                "support": 50000.0
            },
            "weighted avg": {
                "precision": 0.9318813156,
                "recall": 0.96534,
                "f1-score": 0.9483156253879735,
                "support": 50000.0
            },
            "cross-entropy": 0.12065666369039427,
            "roc-auc": 0.8471548869387105,
            "score": 0.8471548869387105
        },
        "test": {
            "0": {
                "precision": 0.95604,
                "recall": 1.0,
                "f1-score": 0.9775260219627411,
                "support": 47802.0
            },
            "1": {
                "precision": 0.0,
                "recall": 0.0,
                "f1-score": 0.0,
                "support": 2198.0
            },
            "accuracy": 0.95604,
            "macro avg": {
                "precision": 0.47802,
                "recall": 0.5,
                "f1-score": 0.48876301098137054,
                "support": 50000.0
            },
            "weighted avg": {
                "precision": 0.9140124816,
                "recall": 0.95604,
                "f1-score": 0.9345539780372589,
                "support": 50000.0
            },
            "cross-entropy": 0.14581634014688824,
            "roc-auc": 0.8401324023928094,
            "score": 0.8401324023928094
        }
    }
}
