{
    "function": "bin.ensemble.main",
    "gpus": [
        "NVIDIA A100-SXM4-80GB"
    ],
    "config": {
        "seeds": [
            10,
            11,
            12,
            13,
            14
        ],
        "data": {
            "path": ":data/cooking-time"
        }
    },
    "single_model_function": "bin.xgboost_.main",
    "prediction_type": "labels",
    "metrics": {
        "train": {
            "rmse": 0.3759671693099153,
            "mae": 0.29731088876724243,
            "r2": 0.6753610553179865,
            "score": -0.3759671693099153
        },
        "val": {
            "rmse": 0.4638848070512655,
            "mae": 0.3602612316608429,
            "r2": 0.5063184606519329,
            "score": -0.4638848070512655
        },
        "test": {
            "rmse": 0.48169112362308536,
            "mae": 0.3758096992969513,
            "r2": 0.4821496208744912,
            "score": -0.48169112362308536
        }
    }
}
