{
    "function": "bin.tabr.main",
    "gpus": [
        "NVIDIA A100-SXM4-80GB"
    ],
    "config": {
        "seed": 5,
        "patience": 16,
        "n_epochs": -1,
        "causal": false,
        "batch_size": 1024,
        "context_size": 96,
        "model": {
            "d_main": 512,
            "context_dropout": 0.4672838844323588,
            "d_multiplier": 2.0,
            "encoder_n_blocks": 0,
            "predictor_n_blocks": 1,
            "mixer_normalization": "auto",
            "dropout0": 0.0,
            "dropout1": 0.0,
            "normalization": "LayerNorm",
            "activation": "ReLU"
        },
        "optimizer": {
            "type": "AdamW",
            "lr": 0.0005468188985213134,
            "weight_decay": 2.2935962981173813e-06
        },
        "data": {
            "seed": 0,
            "path": ":data/homesite-insurance",
            "cache": true,
            "split": "random-1",
            "cat_policy": "ordinal",
            "num_policy": "noisy-quantile"
        }
    },
    "n_parameters": 2581505,
    "prediction_type": "logits",
    "epoch_size": 177,
    "metrics": {
        "train": {
            "0": {
                "precision": 0.9344291803004686,
                "recall": 0.9872784079331658,
                "f1-score": 0.9601270860373794,
                "support": 147230.0
            },
            "1": {
                "precision": 0.9256628036196222,
                "recall": 0.6957312889657847,
                "f1-score": 0.7943936374938265,
                "support": 33523.0
            },
            "accuracy": 0.9332071943480883,
            "macro avg": {
                "precision": 0.9300459919600454,
                "recall": 0.8415048484494753,
                "f1-score": 0.877260361765603,
                "support": 180753.0
            },
            "weighted avg": {
                "precision": 0.9328033414736053,
                "recall": 0.9332071943480883,
                "f1-score": 0.9293896576377096,
                "support": 180753.0
            },
            "cross-entropy": 0.1561308502668312,
            "roc-auc": 0.9714541667407798,
            "score": 0.9714541667407798
        },
        "val": {
            "0": {
                "precision": 0.9298296610662171,
                "recall": 0.9833384568090993,
                "f1-score": 0.9558357736209885,
                "support": 16265.0
            },
            "1": {
                "precision": 0.9031797070382279,
                "recall": 0.6768406961178045,
                "f1-score": 0.7737985919804101,
                "support": 3735.0
            },
            "accuracy": 0.9261,
            "macro avg": {
                "precision": 0.9165046840522225,
                "recall": 0.8300895764634519,
                "f1-score": 0.8648171828006993,
                "support": 20000.0
            },
            "weighted avg": {
                "precision": 0.9248527821514901,
                "recall": 0.9261,
                "f1-score": 0.9218403299496105,
                "support": 20000.0
            },
            "cross-entropy": 0.17838761997341293,
            "roc-auc": 0.9614672811545393,
            "score": 0.9614672811545393
        },
        "test": {
            "0": {
                "precision": 0.9279321439017256,
                "recall": 0.9818035526397227,
                "f1-score": 0.9541080235775292,
                "support": 16157.0
            },
            "1": {
                "precision": 0.8987951807228916,
                "recall": 0.6794171220400729,
                "f1-score": 0.7738589211618258,
                "support": 3843.0
            },
            "accuracy": 0.9237,
            "macro avg": {
                "precision": 0.9133636623123086,
                "recall": 0.8306103373398979,
                "f1-score": 0.8639834723696775,
                "support": 20000.0
            },
            "weighted avg": {
                "precision": 0.9223334764269127,
                "recall": 0.9237,
                "f1-score": 0.9194731585483518,
                "support": 20000.0
            },
            "cross-entropy": 0.18212863328943038,
            "roc-auc": 0.9608830302307323,
            "score": 0.9608830302307323
        }
    },
    "best_step": 1770,
    "time": "0:08:35.169326",
    "chunk_size": null,
    "eval_batch_size": 32768
}
