{
    "function": "bin.nn_baselines.main",
    "gpus": [
        "NVIDIA A100-SXM4-80GB",
        "NVIDIA A100-SXM4-80GB"
    ],
    "config": {
        "seed": 11,
        "patience": 16,
        "n_epochs": -1,
        "batch_size": 1024,
        "model": {
            "backbone": {
                "type": "FTTransformerBackbone",
                "attention_n_heads": 8,
                "ffn_d_hidden_multiplier": 2,
                "ffn_activation": "ReLU",
                "residual_dropout": 0,
                "n_blocks": 2,
                "d_block": 256,
                "attention_dropout": 0.006524472532223158,
                "ffn_dropout": 0.0898155819233919
            },
            "num_embeddings": {
                "type": "LinearEmbeddings"
            }
        },
        "optimizer": {
            "type": "AdamW",
            "lr": 1.0219200378745265e-05,
            "weight_decay": 0.0003424033236428786
        },
        "data": {
            "seed": 0,
            "path": ":data/homecredit-default",
            "cache": true,
            "split": "default",
            "cat_policy": "ordinal",
            "num_policy": "noisy-quantile"
        }
    },
    "n_parameters": 1489665,
    "prediction_type": "logits",
    "epoch_size": 262,
    "metrics": {
        "train": {
            "0": {
                "precision": 0.9693823783311097,
                "recall": 0.999938322526926,
                "f1-score": 0.9844232976916728,
                "support": 259414.0
            },
            "1": {
                "precision": 0.7037037037037037,
                "recall": 0.00461669298991617,
                "f1-score": 0.009173204586602294,
                "support": 8231.0
            },
            "accuracy": 0.9693287750565114,
            "macro avg": {
                "precision": 0.8365430410174067,
                "recall": 0.5022775077584211,
                "f1-score": 0.49679825113913756,
                "support": 267645.0
            },
            "weighted avg": {
                "precision": 0.961211849567792,
                "recall": 0.9693287750565114,
                "f1-score": 0.9544310186789962,
                "support": 267645.0
            },
            "cross-entropy": 0.10778781041434249,
            "roc-auc": 0.8599090989556336,
            "score": 0.8599090989556336
        },
        "val": {
            "0": {
                "precision": 0.9554754968713909,
                "recall": 0.9999819595533186,
                "f1-score": 0.9772222418109375,
                "support": 55431.0
            },
            "1": {
                "precision": 0.8,
                "recall": 0.0015461925009663702,
                "f1-score": 0.0030864197530864196,
                "support": 2587.0
            },
            "accuracy": 0.9554620979695957,
            "macro avg": {
                "precision": 0.8777377484356954,
                "recall": 0.5007640760271425,
                "f1-score": 0.490154330782012,
                "support": 58018.0
            },
            "weighted avg": {
                "precision": 0.9485429050825273,
                "recall": 0.9554620979695957,
                "f1-score": 0.9337859053004811,
                "support": 58018.0
            },
            "cross-entropy": 0.15308579508615341,
            "roc-auc": 0.8404120782512987,
            "score": 0.8404120782512987
        },
        "test": {
            "0": {
                "precision": 0.9781587641753728,
                "recall": 1.0,
                "f1-score": 0.9889588054203869,
                "support": 54772.0
            },
            "1": {
                "precision": 1.0,
                "recall": 0.004882017900732303,
                "f1-score": 0.009716599190283401,
                "support": 1229.0
            },
            "accuracy": 0.9781611042659952,
            "macro avg": {
                "precision": 0.9890793820876864,
                "recall": 0.5024410089503661,
                "f1-score": 0.4993377023053352,
                "support": 56001.0
            },
            "weighted avg": {
                "precision": 0.9786380927378712,
                "recall": 0.9781611042659952,
                "f1-score": 0.9674683200458973,
                "support": 56001.0
            },
            "cross-entropy": 0.0840105307208314,
            "roc-auc": 0.8560393074401423,
            "score": 0.8560393074401423
        }
    },
    "best_step": 24104,
    "time": "3:22:12.158357",
    "chunk_size": null,
    "eval_batch_size": 4096
}
