{
    "function": "bin.nn_baselines.main",
    "gpus": [
        "NVIDIA A100-SXM4-80GB"
    ],
    "config": {
        "seed": 2,
        "patience": 16,
        "n_epochs": -1,
        "batch_size": 1024,
        "model": {
            "num_embeddings": {
                "type": "PeriodicEmbeddings",
                "n_frequencies": 16,
                "d_embedding": 16,
                "frequency_init_scale": 0.18032598519551518,
                "lite": false
            },
            "backbone": {
                "type": "MLP",
                "n_blocks": 1,
                "d_block": 512,
                "dropout": 0.6407294068282764
            }
        },
        "optimizer": {
            "type": "AdamW",
            "lr": 0.00011071831223484954,
            "weight_decay": 6.9750885054396775e-06
        },
        "data": {
            "seed": 0,
            "path": ":data/cooking-time",
            "cache": true,
            "split": "sliding-window-2",
            "cat_policy": "ordinal",
            "num_policy": "identity"
        }
    },
    "n_parameters": 1633601,
    "prediction_type": "labels",
    "epoch_size": 157,
    "metrics": {
        "train": {
            "rmse": 0.44878527417652153,
            "mae": 0.35015401244163513,
            "r2": 0.5374294817795013,
            "score": -0.44878527417652153
        },
        "val": {
            "rmse": 0.46442551590949926,
            "mae": 0.3612111806869507,
            "r2": 0.5051669716536964,
            "score": -0.46442551590949926
        },
        "test": {
            "rmse": 0.4817647589910603,
            "mae": 0.37640371918678284,
            "r2": 0.48199130012212654,
            "score": -0.4817647589910603
        }
    },
    "best_step": 5181,
    "time": "0:00:35.163172",
    "chunk_size": null,
    "eval_batch_size": 32768
}
