{
    "function": "bin.nn_baselines.main",
    "gpus": [
        "NVIDIA A100-SXM4-80GB"
    ],
    "config": {
        "seed": 4,
        "patience": 16,
        "n_epochs": -1,
        "batch_size": 1024,
        "model": {
            "backbone": {
                "type": "MLP",
                "n_blocks": 1,
                "d_block": 512,
                "dropout": 0.6654890055837697
            }
        },
        "optimizer": {
            "type": "AdamW",
            "lr": 0.00016834488991759595,
            "weight_decay": 1.6636556796657439e-06
        },
        "data": {
            "seed": 0,
            "path": ":data/delivery-eta",
            "cache": true,
            "split": "random-2",
            "cat_policy": "ordinal",
            "num_policy": "identity"
        }
    },
    "n_parameters": 115713,
    "prediction_type": "labels",
    "epoch_size": 251,
    "metrics": {
        "train": {
            "rmse": 0.5253019293470987,
            "mae": 0.4109320640563965,
            "r2": 0.4858032839982962,
            "score": -0.5253019293470987
        },
        "val": {
            "rmse": 0.5391522761236989,
            "mae": 0.42191562056541443,
            "r2": 0.4591542688084861,
            "score": -0.5391522761236989
        },
        "test": {
            "rmse": 0.5404002411502269,
            "mae": 0.4226285517215729,
            "r2": 0.45818238410187184,
            "score": -0.5404002411502269
        }
    },
    "best_step": 34889,
    "time": "0:00:54.360502",
    "chunk_size": null,
    "eval_batch_size": 32768
}
