{
    "function": null,
    "config": {
        "data": {
            "seed": 10,
            "path": ":data/ecom-offers"
        }
    },
    "metrics": {
        "val": {
            "score": -0.6417894649341258
        },
        "test": {
            "score": 0.6021908135330649
        }
    },
    "time": 1.7956089973449707
}