{
    "function": "bin.tabr.main",
    "gpus": [
        "NVIDIA A100-SXM4-80GB"
    ],
    "config": {
        "seed": 7,
        "patience": 16,
        "n_epochs": -1,
        "causal": false,
        "batch_size": 1024,
        "context_size": 96,
        "model": {
            "d_main": 128,
            "context_dropout": 0.22005810202548526,
            "d_multiplier": 2.0,
            "encoder_n_blocks": 0,
            "predictor_n_blocks": 1,
            "mixer_normalization": "auto",
            "dropout0": 0.5341312941656535,
            "dropout1": 0.0,
            "normalization": "LayerNorm",
            "activation": "ReLU"
        },
        "optimizer": {
            "type": "AdamW",
            "lr": 5.7658766776536514e-05,
            "weight_decay": 9.930685058079067e-06
        },
        "data": {
            "seed": 0,
            "path": ":data/weather",
            "cache": true,
            "split": "random-0",
            "num_policy": "noisy-quantile"
        }
    },
    "n_parameters": 162433,
    "prediction_type": "labels",
    "epoch_size": 258,
    "metrics": {
        "train": {
            "rmse": 1.2868436269840435,
            "mae": 0.936198353767395,
            "r2": 0.8906540688719884,
            "score": -1.2868436269840435
        },
        "val": {
            "rmse": 1.3723360612026922,
            "mae": 0.9843878746032715,
            "r2": 0.8751399315168453,
            "score": -1.3723360612026922
        },
        "test": {
            "rmse": 1.3695119226444357,
            "mae": 0.9862853288650513,
            "r2": 0.8751014097045559,
            "score": -1.3695119226444357
        }
    },
    "best_step": 46440,
    "time": "0:21:40.403292",
    "chunk_size": null,
    "eval_batch_size": 32768
}
