{
    "function": "bin.ensemble.main",
    "gpus": [
        "NVIDIA A100-SXM4-80GB"
    ],
    "config": {
        "seeds": [
            10,
            11,
            12,
            13,
            14
        ],
        "data": {
            "path": ":data/homesite-insurance"
        }
    },
    "single_model_function": "bin.nn_baselines.main",
    "prediction_type": "probs",
    "metrics": {
        "train": {
            "0": {
                "precision": 0.9454982262578052,
                "recall": 0.9710723137203181,
                "f1-score": 0.958114643879587,
                "support": 181971.0
            },
            "1": {
                "precision": 0.8593528735939295,
                "recall": 0.7594748400198352,
                "f1-score": 0.8063327316486161,
                "support": 42349.0
            },
            "accuracy": 0.9311251783166904,
            "macro avg": {
                "precision": 0.9024255499258673,
                "recall": 0.8652735768700767,
                "f1-score": 0.8822236877641015,
                "support": 224320.0
            },
            "weighted avg": {
                "precision": 0.9292349882943491,
                "recall": 0.9311251783166904,
                "f1-score": 0.9294599889176157,
                "support": 224320.0
            },
            "cross-entropy": 0.16969769437045795,
            "roc-auc": 0.9698485762087434,
            "score": 0.9698485762087434
        },
        "val": {
            "0": {
                "precision": 0.9375394683965784,
                "recall": 0.9755092288393764,
                "f1-score": 0.9561475409836065,
                "support": 16741.0
            },
            "1": {
                "precision": 0.8492092681132769,
                "recall": 0.6797173977038563,
                "f1-score": 0.7550686723348594,
                "support": 3397.0
            },
            "accuracy": 0.9256132684477107,
            "macro avg": {
                "precision": 0.8933743682549277,
                "recall": 0.8276133132716164,
                "f1-score": 0.8556081066592329,
                "support": 20138.0
            },
            "weighted avg": {
                "precision": 0.9226393943891111,
                "recall": 0.9256132684477107,
                "f1-score": 0.9222283376466419,
                "support": 20138.0
            },
            "cross-entropy": 0.21665226734367282,
            "roc-auc": 0.9532286707789002,
            "score": 0.9532286707789002
        },
        "test": {
            "0": {
                "precision": 0.928269734925721,
                "recall": 0.9695748079409752,
                "f1-score": 0.9484727854458871,
                "support": 13147.0
            },
            "1": {
                "precision": 0.8439328911431916,
                "recall": 0.6871029224904701,
                "f1-score": 0.7574855541936614,
                "support": 3148.0
            },
            "accuracy": 0.9150046026388463,
            "macro avg": {
                "precision": 0.8861013130344563,
                "recall": 0.8283388652157226,
                "f1-score": 0.8529791698197742,
                "support": 16295.0
            },
            "weighted avg": {
                "precision": 0.911976860778596,
                "recall": 0.9150046026388463,
                "f1-score": 0.9115763261650031,
                "support": 16295.0
            },
            "cross-entropy": 0.24211072673249795,
            "roc-auc": 0.9515987916520927,
            "score": 0.9515987916520927
        }
    }
}
