{
    "function": "bin.xgboost_.main",
    "gpus": [
        "NVIDIA A100-SXM4-80GB"
    ],
    "config": {
        "seed": 12,
        "model": {
            "booster": "gbtree",
            "n_estimators": 4000,
            "early_stopping_rounds": 3999,
            "n_jobs": 1,
            "tree_method": "hist",
            "device": "cuda",
            "use_label_encoder": false,
            "colsample_bytree": 0.5300113744650279,
            "gamma": 0,
            "lambda": 0.5626717601514345,
            "learning_rate": 0.006895319290127187,
            "max_depth": 10,
            "min_child_weight": 19.874603496910964,
            "subsample": 0.9881639983478234
        },
        "fit": {
            "verbose": true
        },
        "data": {
            "seed": 0,
            "path": ":data/homesite-insurance",
            "cache": true,
            "split": "random-0",
            "cat_policy": "ordinal"
        }
    },
    "prediction_type": "probs",
    "time": "0:01:07.239602",
    "best_iteration": 2791,
    "metrics": {
        "train": {
            "0": {
                "precision": 0.9602360387683787,
                "recall": 0.9946999965850494,
                "f1-score": 0.9771642316788836,
                "support": 146415.0
            },
            "1": {
                "precision": 0.973317745762129,
                "recall": 0.8243636787232803,
                "f1-score": 0.892669620472714,
                "support": 34338.0
            },
            "accuracy": 0.9623408740103899,
            "macro avg": {
                "precision": 0.9667768922652539,
                "recall": 0.9095318376541648,
                "f1-score": 0.9349169260757988,
                "support": 180753.0
            },
            "weighted avg": {
                "precision": 0.9627211961641141,
                "recall": 0.9623408740103899,
                "f1-score": 0.9611126255666893,
                "support": 180753.0
            },
            "cross-entropy": 0.10846843189382863,
            "roc-auc": 0.9917653639418569,
            "score": 0.9917653639418569
        },
        "val": {
            "0": {
                "precision": 0.9352788891503884,
                "recall": 0.9786369513020994,
                "f1-score": 0.9564668010469629,
                "support": 16243.0
            },
            "1": {
                "precision": 0.8844873501997337,
                "recall": 0.7072132020228906,
                "f1-score": 0.7859784055613075,
                "support": 3757.0
            },
            "accuracy": 0.92765,
            "macro avg": {
                "precision": 0.909883119675061,
                "recall": 0.8429250766624949,
                "f1-score": 0.8712226033041353,
                "support": 20000.0
            },
            "weighted avg": {
                "precision": 0.9257376985585078,
                "recall": 0.92765,
                "f1-score": 0.9244405559549825,
                "support": 20000.0
            },
            "cross-entropy": 0.16423538484977399,
            "roc-auc": 0.9681407691748904,
            "score": 0.9681407691748904
        },
        "test": {
            "0": {
                "precision": 0.9372685049091657,
                "recall": 0.9779768112385743,
                "f1-score": 0.9571900330231162,
                "support": 16301.0
            },
            "1": {
                "precision": 0.8799732530926112,
                "recall": 0.7115436604487699,
                "f1-score": 0.7868460388639761,
                "support": 3699.0
            },
            "accuracy": 0.9287,
            "macro avg": {
                "precision": 0.9086208790008885,
                "recall": 0.8447602358436721,
                "f1-score": 0.8720180359435461,
                "support": 20000.0
            },
            "weighted avg": {
                "precision": 0.926671748085694,
                "recall": 0.9287,
                "f1-score": 0.9256849113033832,
                "support": 20000.0
            },
            "cross-entropy": 0.16566475478951703,
            "roc-auc": 0.9663647349034078,
            "score": 0.9663647349034078
        }
    }
}
