{
    "function": "bin.nn_baselines.main",
    "gpus": [
        "NVIDIA A100-SXM4-80GB"
    ],
    "config": {
        "seed": 8,
        "patience": 16,
        "n_epochs": -1,
        "batch_size": 1024,
        "model": {
            "num_embeddings": {
                "type": "PeriodicEmbeddings",
                "n_frequencies": 64,
                "d_embedding": 16,
                "frequency_init_scale": 0.03360525312376884,
                "lite": false
            },
            "backbone": {
                "type": "MLP",
                "n_blocks": 1,
                "d_block": 2048,
                "dropout": 0.4296708972423277
            }
        },
        "optimizer": {
            "type": "AdamW",
            "lr": 0.00014242438763404353,
            "weight_decay": 5.0102624350352596e-05
        },
        "data": {
            "seed": 0,
            "path": ":data/weather",
            "cache": true,
            "split": "sliding-window-2",
            "num_policy": "noisy-quantile"
        }
    },
    "n_parameters": 3499841,
    "prediction_type": "labels",
    "epoch_size": 258,
    "metrics": {
        "train": {
            "rmse": 1.417495438368251,
            "mae": 1.0322951078414917,
            "r2": 0.8726388698112596,
            "score": -1.417495438368251
        },
        "val": {
            "rmse": 1.613587135706976,
            "mae": 1.1884793043136597,
            "r2": 0.8353912673630031,
            "score": -1.613587135706976
        },
        "test": {
            "rmse": 1.5695707172845086,
            "mae": 1.1618183851242065,
            "r2": 0.8338844483197745,
            "score": -1.5695707172845086
        }
    },
    "best_step": 6966,
    "time": "0:01:21.717953",
    "chunk_size": null,
    "eval_batch_size": 32768
}
