{
    "function": "bin.xgboost_.main",
    "gpus": [
        "NVIDIA A100-SXM4-80GB"
    ],
    "config": {
        "seed": 1,
        "model": {
            "booster": "gbtree",
            "n_estimators": 4000,
            "early_stopping_rounds": 3999,
            "n_jobs": 1,
            "tree_method": "hist",
            "device": "cuda",
            "use_label_encoder": false,
            "colsample_bytree": 0.5898939692887321,
            "gamma": 0.1800172987376357,
            "lambda": 0.0,
            "learning_rate": 0.006318252924199271,
            "max_depth": 3,
            "min_child_weight": 3.5640570997027607,
            "subsample": 0.9688559350514705
        },
        "fit": {
            "verbose": true
        },
        "data": {
            "seed": 0,
            "path": ":data/sberbank-housing",
            "cache": true,
            "split": "sliding-window-2",
            "cat_policy": "ordinal"
        }
    },
    "prediction_type": "labels",
    "time": "0:00:19.910384",
    "best_iteration": 3879,
    "metrics": {
        "train": {
            "rmse": 0.20412624702668383,
            "mae": 0.10637450218200684,
            "r2": 0.7087704129086905,
            "score": -0.20412624702668383
        },
        "val": {
            "rmse": 0.2335233633342384,
            "mae": 0.13106873631477356,
            "r2": 0.6384810210419112,
            "score": -0.2335233633342384
        },
        "test": {
            "rmse": 0.24678584070224138,
            "mae": 0.16570453345775604,
            "r2": 0.5862225692468368,
            "score": -0.24678584070224138
        }
    }
}
