{
    "function": "bin.nn_baselines.main",
    "gpus": [
        "NVIDIA A100-SXM4-80GB"
    ],
    "config": {
        "seed": 11,
        "patience": 16,
        "n_epochs": -1,
        "batch_size": 1024,
        "model": {
            "num_embeddings": {
                "type": "PeriodicEmbeddings",
                "n_frequencies": 64,
                "d_embedding": 8,
                "frequency_init_scale": 0.027013256462613527,
                "lite": false
            },
            "backbone": {
                "type": "MLP",
                "n_blocks": 1,
                "d_block": 2048,
                "dropout": 0.7460205889960756
            }
        },
        "optimizer": {
            "type": "AdamW",
            "lr": 4.9897861005510744e-05,
            "weight_decay": 0.0003163076808781185
        },
        "data": {
            "seed": 0,
            "path": ":data/delivery-eta",
            "cache": true,
            "split": "random-0",
            "cat_policy": "ordinal",
            "num_policy": "identity"
        }
    },
    "n_parameters": 3873321,
    "prediction_type": "labels",
    "epoch_size": 251,
    "metrics": {
        "train": {
            "rmse": 0.5211108009030861,
            "mae": 0.40566152334213257,
            "r2": 0.49517340660892983,
            "score": -0.5211108009030861
        },
        "val": {
            "rmse": 0.5285434780408078,
            "mae": 0.4124061167240143,
            "r2": 0.4805393040405156,
            "score": -0.5285434780408078
        },
        "test": {
            "rmse": 0.5303255902070142,
            "mae": 0.41406548023223877,
            "r2": 0.4766820931765712,
            "score": -0.5303255902070142
        }
    },
    "best_step": 15060,
    "time": "0:03:27.030834",
    "chunk_size": null,
    "eval_batch_size": 32768
}
