{
    "function": "bin.ensemble.main",
    "gpus": [
        "NVIDIA A100-SXM4-80GB"
    ],
    "config": {
        "seeds": [
            5,
            6,
            7,
            8,
            9
        ],
        "data": {
            "path": ":data/delivery-eta"
        }
    },
    "single_model_function": "bin.xgboost_.main",
    "prediction_type": "labels",
    "metrics": {
        "train": {
            "rmse": 0.4384850244194104,
            "mae": 0.3447456657886505,
            "r2": 0.6425098372461993,
            "score": -0.4384850244194104
        },
        "val": {
            "rmse": 0.5508941913358055,
            "mae": 0.4358918070793152,
            "r2": 0.43658047906052955,
            "score": -0.5508941913358055
        },
        "test": {
            "rmse": 0.5387050991863629,
            "mae": 0.432098388671875,
            "r2": 0.45060576695086685,
            "score": -0.5387050991863629
        }
    }
}
