{
    "function": "bin.nn_baselines.main",
    "gpus": [
        "NVIDIA A100-SXM4-80GB"
    ],
    "config": {
        "seed": 3,
        "patience": 16,
        "n_epochs": -1,
        "batch_size": 1024,
        "model": {
            "backbone": {
                "type": "MLP",
                "n_blocks": 2,
                "d_block": 2048,
                "dropout": 0.40144178373552514
            }
        },
        "optimizer": {
            "type": "AdamW",
            "lr": 0.0007220610653633619,
            "weight_decay": 7.104400217452954e-05
        },
        "data": {
            "seed": 0,
            "path": ":data/weather",
            "cache": true,
            "split": "random-1",
            "num_policy": "noisy-quantile"
        }
    },
    "n_parameters": 4411393,
    "prediction_type": "labels",
    "epoch_size": 258,
    "metrics": {
        "train": {
            "rmse": 1.3072834799866089,
            "mae": 0.9711076617240906,
            "r2": 0.8901041703954969,
            "score": -1.3072834799866089
        },
        "val": {
            "rmse": 1.5077900464851812,
            "mae": 1.1013669967651367,
            "r2": 0.8519893819624806,
            "score": -1.5077900464851812
        },
        "test": {
            "rmse": 1.4952133416888396,
            "mae": 1.1038055419921875,
            "r2": 0.8549458326001567,
            "score": -1.4952133416888396
        }
    },
    "best_step": 8256,
    "time": "0:00:34.639444",
    "chunk_size": null,
    "eval_batch_size": 32768
}
