{
    "function": "bin.trompt.main",
    "gpus": [
        "NVIDIA A100-SXM4-80GB"
    ],
    "config": {
        "seed": 1,
        "batch_size": 1024,
        "patience": 16,
        "n_epochs": -1,
        "data": {
            "seed": 0,
            "cache": true,
            "path": ":data/weather",
            "num_policy": "noisy-quantile"
        },
        "model": {
            "P": 128,
            "d": 128,
            "n_cycles": 6
        },
        "optimizer": {
            "type": "AdamW",
            "lr": 0.0003,
            "weight_decay": 0.0
        }
    },
    "n_parameters": 123778,
    "prediction_type": "labels",
    "epoch_size": 333,
    "metrics": {
        "train": {
            "rmse": 1.4917803303694377,
            "mae": 1.0982654094696045,
            "r2": 0.8525836663332834,
            "score": -1.4917803303694377
        },
        "val": {
            "rmse": 1.6132932205310282,
            "mae": 1.1889806985855103,
            "r2": 0.836113814197142,
            "score": -1.6132932205310282
        },
        "test": {
            "rmse": 1.550143862785261,
            "mae": 1.1447687149047852,
            "r2": 0.838031047416279,
            "score": -1.550143862785261
        }
    },
    "best_step": 21978,
    "time": "8:22:45.602217",
    "chunk_size": 512,
    "eval_batch_size": 2048
}
