{
    "function": "bin.ensemble.main",
    "gpus": [
        "NVIDIA A100-SXM4-80GB"
    ],
    "config": {
        "seeds": [
            5,
            6,
            7,
            8,
            9
        ],
        "data": {
            "path": ":data/ecom-offers"
        }
    },
    "single_model_function": "bin.tabr.main",
    "prediction_type": "probs",
    "metrics": {
        "train": {
            "0": {
                "precision": 0.789484349458952,
                "recall": 0.9631485266003033,
                "f1-score": 0.867712455177841,
                "support": 60676.0
            },
            "1": {
                "precision": 0.6294332117998012,
                "recall": 0.19596512047881945,
                "f1-score": 0.298878614991147,
                "support": 19381.0
            },
            "accuracy": 0.7774210874751739,
            "macro avg": {
                "precision": 0.7094587806293766,
                "recall": 0.5795568235395614,
                "f1-score": 0.5832955350844939,
                "support": 80057.0
            },
            "weighted avg": {
                "precision": 0.7507375678037312,
                "recall": 0.7774210874751739,
                "f1-score": 0.7300034646253807,
                "support": 80057.0
            },
            "cross-entropy": 0.48717017730478956,
            "roc-auc": 0.7277380702911347,
            "score": 0.7277380702911347
        },
        "val": {
            "0": {
                "precision": 0.789579049886376,
                "recall": 0.9611407495224923,
                "f1-score": 0.8669538095945344,
                "support": 15183.0
            },
            "1": {
                "precision": 0.61133069828722,
                "recall": 0.19265102761054598,
                "f1-score": 0.2929755327545383,
                "support": 4817.0
            },
            "accuracy": 0.77605,
            "macro avg": {
                "precision": 0.700454874086798,
                "recall": 0.5768958885665192,
                "f1-score": 0.5799646711745363,
                "support": 20000.0
            },
            "weighted avg": {
                "precision": 0.7466479344037192,
                "recall": 0.77605,
                "f1-score": 0.7287111416176213,
                "support": 20000.0
            },
            "cross-entropy": 0.49323824249800546,
            "roc-auc": 0.7158319939544286,
            "score": 0.7158319939544286
        },
        "test": {
            "0": {
                "precision": 0.7842628620838737,
                "recall": 0.9592173970520192,
                "f1-score": 0.8629619718728629,
                "support": 15129.0
            },
            "1": {
                "precision": 0.5875668449197861,
                "recall": 0.1804557585711353,
                "f1-score": 0.27611119836657766,
                "support": 4871.0
            },
            "accuracy": 0.76955,
            "macro avg": {
                "precision": 0.6859148535018299,
                "recall": 0.5698365778115773,
                "f1-score": 0.5695365851197203,
                "support": 20000.0
            },
            "weighted avg": {
                "precision": 0.7363575471035602,
                "recall": 0.76955,
                "f1-score": 0.7200344659854071,
                "support": 20000.0
            },
            "cross-entropy": 0.49999212789715314,
            "roc-auc": 0.7096362373711314,
            "score": 0.7096362373711314
        }
    }
}
