{
    "function": "bin.lightgbm_.main",
    "gpus": [
        "NVIDIA A100-SXM4-80GB"
    ],
    "config": {
        "seed": 4,
        "model": {
            "n_estimators": 4000,
            "stopping_rounds": 3999,
            "device_type": "gpu",
            "verbose": 2,
            "n_jobs": 4,
            "feature_fraction": 0.5495899012681111,
            "lambda_l2": 0.0,
            "learning_rate": 0.0031456595198807854,
            "num_leaves": 534,
            "min_sum_hessian_in_leaf": 70.77368432902227,
            "bagging_fraction": 0.5899037088943635
        },
        "fit": {},
        "data": {
            "seed": 0,
            "path": ":data/cooking-time",
            "cache": true,
            "split": "default",
            "cat_policy": "ordinal"
        }
    },
    "prediction_type": "labels",
    "time": "0:10:25.564379",
    "best_iteration": 0,
    "metrics": {
        "train": {
            "rmse": 0.3337436161345537,
            "mae": 0.2617236476184909,
            "r2": 0.7441493163416388,
            "score": -0.3337436161345537
        },
        "val": {
            "rmse": 0.46408044667991927,
            "mae": 0.3606469399352203,
            "r2": 0.5060849276971342,
            "score": -0.46408044667991927
        },
        "test": {
            "rmse": 0.48267773162641975,
            "mae": 0.3763516609345961,
            "r2": 0.48056037252312744,
            "score": -0.48267773162641975
        }
    }
}
