{
    "function": "bin.nn_baselines.main",
    "gpus": [
        "NVIDIA A100-SXM4-80GB"
    ],
    "config": {
        "seed": 8,
        "patience": 16,
        "n_epochs": -1,
        "batch_size": 1024,
        "model": {
            "num_embeddings": {
                "type": "PeriodicEmbeddings",
                "n_frequencies": 4,
                "d_embedding": 8,
                "frequency_init_scale": 0.029303202790457675,
                "lite": false
            },
            "backbone": {
                "type": "MLP",
                "n_blocks": 4,
                "d_block": 256,
                "dropout": 0.0
            }
        },
        "optimizer": {
            "type": "AdamW",
            "lr": 0.00012792563088586038,
            "weight_decay": 0.0006404463813102048
        },
        "data": {
            "seed": 0,
            "path": ":data/ecom-offers",
            "cache": true,
            "split": "random-1",
            "num_policy": "noisy-quantile"
        }
    },
    "n_parameters": 439437,
    "prediction_type": "logits",
    "epoch_size": 79,
    "metrics": {
        "train": {
            "0": {
                "precision": 0.7632771019557766,
                "recall": 0.9671123222345227,
                "f1-score": 0.8531890917286454,
                "support": 58715.0
            },
            "1": {
                "precision": 0.6589544330625221,
                "recall": 0.1748196045356574,
                "f1-score": 0.2763294326766405,
                "support": 21342.0
            },
            "accuracy": 0.7558989220180621,
            "macro avg": {
                "precision": 0.7111157675091493,
                "recall": 0.5709659633850901,
                "f1-score": 0.5647592622026429,
                "support": 80057.0
            },
            "weighted avg": {
                "precision": 0.735466237202915,
                "recall": 0.7558989220180621,
                "f1-score": 0.699406925978144,
                "support": 80057.0
            },
            "cross-entropy": 0.524869195477203,
            "roc-auc": 0.698172050378314,
            "score": 0.698172050378314
        },
        "val": {
            "0": {
                "precision": 0.7676860127059331,
                "recall": 0.9637715444406895,
                "f1-score": 0.8546255506607929,
                "support": 14795.0
            },
            "1": {
                "precision": 0.6241234221598878,
                "recall": 0.17098943323727187,
                "f1-score": 0.26843613331322574,
                "support": 5205.0
            },
            "accuracy": 0.75745,
            "macro avg": {
                "precision": 0.6959047174329105,
                "recall": 0.5673804888389806,
                "f1-score": 0.5615308419870093,
                "support": 20000.0
            },
            "weighted avg": {
                "precision": 0.7303238485163248,
                "recall": 0.75745,
                "f1-score": 0.7020697547960886,
                "support": 20000.0
            },
            "cross-entropy": 0.520535083792874,
            "roc-auc": 0.700525867613062,
            "score": 0.700525867613062
        },
        "test": {
            "0": {
                "precision": 0.7659825937466423,
                "recall": 0.9672342446238382,
                "f1-score": 0.8549242992055164,
                "support": 14741.0
            },
            "1": {
                "precision": 0.6515151515151515,
                "recall": 0.17170564746149458,
                "f1-score": 0.27178329571106097,
                "support": 5259.0
            },
            "accuracy": 0.75805,
            "macro avg": {
                "precision": 0.7087488726308969,
                "recall": 0.5694699460426664,
                "f1-score": 0.5633537974582887,
                "support": 20000.0
            },
            "weighted avg": {
                "precision": 0.7358833798118719,
                "recall": 0.75805,
                "f1-score": 0.7015873723366494,
                "support": 20000.0
            },
            "cross-entropy": 0.5267730470163327,
            "roc-auc": 0.6862327384757017,
            "score": 0.6862327384757017
        }
    },
    "best_step": 5530,
    "time": "0:00:52.364470",
    "chunk_size": null,
    "eval_batch_size": 32768
}
