{
    "function": "bin.ensemble.main",
    "gpus": [
        "NVIDIA A100-SXM4-80GB"
    ],
    "config": {
        "seeds": [
            0,
            1,
            2,
            3,
            4
        ],
        "data": {
            "path": ":data/maps-routing"
        }
    },
    "single_model_function": "bin.nn_baselines.main",
    "prediction_type": "labels",
    "metrics": {
        "train": {
            "rmse": 0.15329960968779105,
            "mae": 0.11644410341978073,
            "r2": 0.8347300059393616,
            "score": -0.15329960968779105
        },
        "val": {
            "rmse": 0.16184543471261456,
            "mae": 0.12185509502887726,
            "r2": 0.8147355883602291,
            "score": -0.16184543471261456
        },
        "test": {
            "rmse": 0.1619946636951723,
            "mae": 0.12220238149166107,
            "r2": 0.8120296255504842,
            "score": -0.1619946636951723
        }
    }
}
