{
    "function": "bin.tabr.main",
    "gpus": [
        "NVIDIA A100-SXM4-80GB"
    ],
    "config": {
        "seed": 6,
        "patience": 16,
        "n_epochs": -1,
        "causal": false,
        "batch_size": 1024,
        "context_size": 96,
        "model": {
            "d_main": 512,
            "context_dropout": 0.4672838844323588,
            "d_multiplier": 2.0,
            "encoder_n_blocks": 0,
            "predictor_n_blocks": 1,
            "mixer_normalization": "auto",
            "dropout0": 0.0,
            "dropout1": 0.0,
            "normalization": "LayerNorm",
            "activation": "ReLU"
        },
        "optimizer": {
            "type": "AdamW",
            "lr": 0.0005468188985213134,
            "weight_decay": 2.2935962981173813e-06
        },
        "data": {
            "seed": 0,
            "path": ":data/homesite-insurance",
            "cache": true,
            "split": "random-1",
            "cat_policy": "ordinal",
            "num_policy": "noisy-quantile"
        }
    },
    "n_parameters": 2581505,
    "prediction_type": "logits",
    "epoch_size": 177,
    "metrics": {
        "train": {
            "0": {
                "precision": 0.9440917119163772,
                "recall": 0.9766216124431162,
                "f1-score": 0.9600811930571924,
                "support": 147230.0
            },
            "1": {
                "precision": 0.8790158172231985,
                "recall": 0.7459952868180055,
                "f1-score": 0.8070611395285043,
                "support": 33523.0
            },
            "accuracy": 0.9338489540975807,
            "macro avg": {
                "precision": 0.9115537645697879,
                "recall": 0.8613084496305609,
                "f1-score": 0.8835711662928484,
                "support": 180753.0
            },
            "weighted avg": {
                "precision": 0.9320225389687669,
                "recall": 0.9338489540975807,
                "f1-score": 0.9317016294845699,
                "support": 180753.0
            },
            "cross-entropy": 0.1568236823158975,
            "roc-auc": 0.9705918736030511,
            "score": 0.9705918736030511
        },
        "val": {
            "0": {
                "precision": 0.9386433832264196,
                "recall": 0.9715954503535198,
                "f1-score": 0.9548352013534335,
                "support": 16265.0
            },
            "1": {
                "precision": 0.8539823008849557,
                "recall": 0.7234270414993307,
                "f1-score": 0.7833019278156255,
                "support": 3735.0
            },
            "accuracy": 0.92525,
            "macro avg": {
                "precision": 0.8963128420556876,
                "recall": 0.8475112459264252,
                "f1-score": 0.8690685645845295,
                "support": 20000.0
            },
            "weighted avg": {
                "precision": 0.9228329260991511,
                "recall": 0.92525,
                "f1-score": 0.9228013625202478,
                "support": 20000.0
            },
            "cross-entropy": 0.1770093638657916,
            "roc-auc": 0.9611716586604643,
            "score": 0.9611716586604643
        },
        "test": {
            "0": {
                "precision": 0.9366247755834829,
                "recall": 0.9686823048833323,
                "f1-score": 0.9523838500623726,
                "support": 16157.0
            },
            "1": {
                "precision": 0.8462006079027355,
                "recall": 0.7244340359094458,
                "f1-score": 0.7805972241693537,
                "support": 3843.0
            },
            "accuracy": 0.92175,
            "macro avg": {
                "precision": 0.8914126917431092,
                "recall": 0.846558170396389,
                "f1-score": 0.8664905371158631,
                "support": 20000.0
            },
            "weighted avg": {
                "precision": 0.9192497717636273,
                "recall": 0.92175,
                "f1-score": 0.919375049897029,
                "support": 20000.0
            },
            "cross-entropy": 0.18051382745518502,
            "roc-auc": 0.9613615912464201,
            "score": 0.9613615912464201
        }
    },
    "best_step": 1593,
    "time": "0:08:16.355969",
    "chunk_size": null,
    "eval_batch_size": 32768
}
