{
    "config": {
        "model": {
            "alpha": 6.167918004960901e-05,
            "power_t": 0.30257498001966443,
            "l1_ratio": 0.24331206942024453,
            "penalty": "elasticnet",
            "max_iter": 10000
        },
        "data": {
            "seed": 3,
            "path": ":data/delivery-eta"
        }
    },
    "metrics": {
        "val": {
            "score": -0.5889507524044344
        },
        "test": {
            "score": -0.5591411517400267
        }
    },
    "time": 5.70738959312439
}