{
    "function": "bin.tabr.main",
    "gpus": [
        "NVIDIA A100-SXM4-80GB"
    ],
    "config": {
        "seed": 6,
        "patience": 16,
        "n_epochs": -1,
        "causal": false,
        "batch_size": 256,
        "context_size": 96,
        "model": {
            "d_main": 256,
            "context_dropout": 0.43727872811967483,
            "d_multiplier": 2.0,
            "encoder_n_blocks": 0,
            "predictor_n_blocks": 1,
            "mixer_normalization": "auto",
            "dropout0": 0.16951767347238456,
            "dropout1": 0.0,
            "normalization": "LayerNorm",
            "activation": "ReLU"
        },
        "optimizer": {
            "type": "AdamW",
            "lr": 2.5648335028019744e-05,
            "weight_decay": 1.9717156750554534e-05
        },
        "data": {
            "seed": 0,
            "path": ":data/sberbank-housing",
            "cache": true,
            "split": "random-2",
            "cat_policy": "ordinal",
            "num_policy": "noisy-quantile"
        }
    },
    "n_parameters": 732417,
    "prediction_type": "labels",
    "epoch_size": 41,
    "metrics": {
        "train": {
            "rmse": 0.2174152027960926,
            "mae": 0.11578301340341568,
            "r2": 0.6760453641614044,
            "score": -0.2174152027960926
        },
        "val": {
            "rmse": 0.2389089961046928,
            "mae": 0.12663032114505768,
            "r2": 0.6081555021419811,
            "score": -0.2389089961046928
        },
        "test": {
            "rmse": 0.24923458497494938,
            "mae": 0.12894102931022644,
            "r2": 0.5785381960168683,
            "score": -0.24923458497494938
        }
    },
    "best_step": 1230,
    "time": "0:00:22.577094",
    "chunk_size": null,
    "eval_batch_size": 32768
}
