{
    "function": "bin.nn_baselines.main",
    "gpus": [
        "NVIDIA A100-SXM4-80GB"
    ],
    "config": {
        "seed": 4,
        "patience": 16,
        "n_epochs": -1,
        "batch_size": 1024,
        "model": {
            "num_embeddings": {
                "type": "PeriodicEmbeddings",
                "n_frequencies": 16,
                "d_embedding": 16,
                "frequency_init_scale": 0.18032598519551518,
                "lite": false
            },
            "backbone": {
                "type": "MLP",
                "n_blocks": 1,
                "d_block": 512,
                "dropout": 0.6407294068282764
            }
        },
        "optimizer": {
            "type": "AdamW",
            "lr": 0.00011071831223484954,
            "weight_decay": 6.9750885054396775e-06
        },
        "data": {
            "seed": 0,
            "path": ":data/cooking-time",
            "cache": true,
            "split": "sliding-window-2",
            "cat_policy": "ordinal",
            "num_policy": "identity"
        }
    },
    "n_parameters": 1633601,
    "prediction_type": "labels",
    "epoch_size": 157,
    "metrics": {
        "train": {
            "rmse": 0.4475023900666158,
            "mae": 0.34858646988868713,
            "r2": 0.5400702393023861,
            "score": -0.4475023900666158
        },
        "val": {
            "rmse": 0.4641845099611082,
            "mae": 0.36044734716415405,
            "r2": 0.5056803919140158,
            "score": -0.4641845099611082
        },
        "test": {
            "rmse": 0.4817585574123989,
            "mae": 0.3757677376270294,
            "r2": 0.4820045909914684,
            "score": -0.4817585574123989
        }
    },
    "best_step": 5181,
    "time": "0:00:35.281086",
    "chunk_size": null,
    "eval_batch_size": 32768
}
