{
    "function": "bin.tabr.main",
    "gpus": [
        "NVIDIA A100-SXM4-80GB"
    ],
    "config": {
        "seed": 4,
        "patience": 16,
        "n_epochs": -1,
        "causal": true,
        "batch_size": 1024,
        "context_size": 96,
        "model": {
            "d_main": 256,
            "context_dropout": 0.5843625536265948,
            "d_multiplier": 2.0,
            "encoder_n_blocks": 0,
            "predictor_n_blocks": 1,
            "mixer_normalization": "auto",
            "dropout0": 0.03657762674604659,
            "dropout1": 0.0,
            "normalization": "LayerNorm",
            "activation": "ReLU"
        },
        "optimizer": {
            "type": "AdamW",
            "lr": 0.0009304973276707178,
            "weight_decay": 0.00021050114592881516
        },
        "data": {
            "seed": 0,
            "path": ":data/ecom-offers",
            "cache": true,
            "split": "default",
            "num_policy": "noisy-quantile"
        }
    },
    "n_parameters": 623873,
    "prediction_type": "logits",
    "epoch_size": 107,
    "metrics": {
        "train": {
            "0": {
                "precision": 0.7982603871530186,
                "recall": 0.9572221100274415,
                "f1-score": 0.8705441305956645,
                "support": 84179.0
            },
            "1": {
                "precision": 0.5712584831527563,
                "recall": 0.19068436531277322,
                "f1-score": 0.2859271177855249,
                "support": 25162.0
            },
            "accuracy": 0.7808232959274197,
            "macro avg": {
                "precision": 0.6847594351528874,
                "recall": 0.5739532376701073,
                "f1-score": 0.5782356241905947,
                "support": 109341.0
            },
            "weighted avg": {
                "precision": 0.7460217766733761,
                "recall": 0.7808232959274197,
                "f1-score": 0.736009662497433,
                "support": 109341.0
            },
            "cross-entropy": 0.4809116095292556,
            "roc-auc": 0.7200106639497917,
            "score": 0.7200106639497917
        },
        "val": {
            "0": {
                "precision": 0.67652724270776,
                "recall": 0.9505735275164325,
                "f1-score": 0.7904721076040941,
                "support": 15518.0
            },
            "1": {
                "precision": 0.6878306878306878,
                "recall": 0.19329749513896832,
                "f1-score": 0.30178571428571427,
                "support": 8743.0
            },
            "accuracy": 0.6776719838423808,
            "macro avg": {
                "precision": 0.6821789652692238,
                "recall": 0.5719355113277005,
                "f1-score": 0.5461289109449042,
                "support": 24261.0
            },
            "weighted avg": {
                "precision": 0.6806006947793876,
                "recall": 0.6776719838423808,
                "f1-score": 0.6143629143811192,
                "support": 24261.0
            },
            "cross-entropy": 0.6606936380962483,
            "roc-auc": 0.6320876412801479,
            "score": 0.6320876412801479
        },
        "test": {
            "0": {
                "precision": 0.6642380332139368,
                "recall": 0.9643659141945397,
                "f1-score": 0.786647384912027,
                "support": 16922.0
            },
            "1": {
                "precision": 0.6804451510333863,
                "recall": 0.1346900241267177,
                "f1-score": 0.22486865148861646,
                "support": 9533.0
            },
            "accuracy": 0.6653940653940654,
            "macro avg": {
                "precision": 0.6723415921236615,
                "recall": 0.5495279691606287,
                "f1-score": 0.5057580182003217,
                "support": 26455.0
            },
            "weighted avg": {
                "precision": 0.6700782318218678,
                "recall": 0.6653940653940654,
                "f1-score": 0.5842116765118995,
                "support": 26455.0
            },
            "cross-entropy": 0.7334091155039089,
            "roc-auc": 0.5815448574043081,
            "score": 0.5815448574043081
        }
    },
    "best_step": 2247,
    "time": "0:03:06.372288",
    "chunk_size": null,
    "eval_batch_size": 32768
}
