{
    "function": "bin.tabr.main",
    "gpus": [
        "NVIDIA A100-SXM4-80GB"
    ],
    "config": {
        "seed": 6,
        "patience": 16,
        "n_epochs": -1,
        "causal": false,
        "batch_size": 1024,
        "context_size": 96,
        "model": {
            "d_main": 128,
            "context_dropout": 0.2803360712432374,
            "d_multiplier": 2.0,
            "encoder_n_blocks": 0,
            "predictor_n_blocks": 1,
            "mixer_normalization": "auto",
            "dropout0": 0.25955697040798087,
            "dropout1": 0.0,
            "normalization": "LayerNorm",
            "activation": "ReLU"
        },
        "optimizer": {
            "type": "AdamW",
            "lr": 5.987686373569507e-05,
            "weight_decay": 3.0633048871579933e-06
        },
        "data": {
            "seed": 0,
            "path": ":data/delivery-eta",
            "cache": true,
            "split": "random-2",
            "cat_policy": "ordinal",
            "num_policy": "identity"
        }
    },
    "n_parameters": 177921,
    "prediction_type": "labels",
    "epoch_size": 251,
    "metrics": {
        "train": {
            "rmse": 0.5268606162681518,
            "mae": 0.4120170474052429,
            "r2": 0.4827473771400228,
            "score": -0.5268606162681518
        },
        "val": {
            "rmse": 0.5394554640866338,
            "mae": 0.42167553305625916,
            "r2": 0.4585457653093511,
            "score": -0.5394554640866338
        },
        "test": {
            "rmse": 0.5400992665180437,
            "mae": 0.4225468635559082,
            "r2": 0.45878581971087484,
            "score": -0.5400992665180437
        }
    },
    "best_step": 6275,
    "time": "0:04:33.337281",
    "chunk_size": null,
    "eval_batch_size": 32768
}
