{
    "function": null,
    "config": {
        "data": {
            "seed": 5,
            "path": ":data/maps-routing"
        }
    },
    "metrics": {
        "val": {
            "score": -0.16249042006153594
        },
        "test": {
            "score": -0.1627151930516101
        }
    },
    "time": 5.371033191680908
}