{
    "function": "bin.ensemble.main",
    "gpus": [
        "NVIDIA GeForce RTX 2080 Ti",
        "NVIDIA GeForce RTX 2080 Ti"
    ],
    "config": {
        "seeds": [
            10,
            11,
            12,
            13,
            14
        ],
        "data": {
            "path": ":data/maps-routing"
        }
    },
    "single_model_function": "bin.catboost_.main",
    "prediction_type": "labels",
    "metrics": {
        "train": {
            "rmse": 0.1309996067909524,
            "mae": 0.10074955781982661,
            "r2": 0.8793153919206267,
            "score": -0.1309996067909524
        },
        "val": {
            "rmse": 0.1614856544788081,
            "mae": 0.12135757889063345,
            "r2": 0.8155583514867721,
            "score": -0.1614856544788081
        },
        "test": {
            "rmse": 0.16151902121952555,
            "mae": 0.121683078439398,
            "r2": 0.8131318245765395,
            "score": -0.16151902121952555
        }
    }
}
