{
    "function": null,
    "config": {
        "data": {
            "seed": 7,
            "path": ":data/ecom-offers"
        }
    },
    "metrics": {
        "val": {
            "score": -0.6401902771641945
        },
        "test": {
            "score": 0.6020391436198591
        }
    },
    "time": 1.7629907131195068
}