{
    "function": "bin.tabr.main",
    "gpus": [
        "NVIDIA A100-SXM4-80GB"
    ],
    "config": {
        "seed": 1,
        "patience": 16,
        "n_epochs": -1,
        "causal": false,
        "batch_size": 1024,
        "context_size": 96,
        "model": {
            "d_main": 256,
            "context_dropout": 0.5843625536265948,
            "d_multiplier": 2.0,
            "encoder_n_blocks": 0,
            "predictor_n_blocks": 1,
            "mixer_normalization": "auto",
            "dropout0": 0.03657762674604659,
            "dropout1": 0.0,
            "normalization": "LayerNorm",
            "activation": "ReLU"
        },
        "optimizer": {
            "type": "AdamW",
            "lr": 2.8260946187629726e-05,
            "weight_decay": 7.986969106723651e-06
        },
        "data": {
            "seed": 0,
            "path": ":data/maps-routing",
            "cache": true,
            "split": "sliding-window-2",
            "cat_policy": "ordinal",
            "num_policy": "identity"
        }
    },
    "n_parameters": 849409,
    "prediction_type": "labels",
    "epoch_size": 99,
    "metrics": {
        "train": {
            "rmse": 0.15488231629993285,
            "mae": 0.11777735501527786,
            "r2": 0.8305574524559782,
            "score": -0.15488231629993285
        },
        "val": {
            "rmse": 0.16359811295172133,
            "mae": 0.12370187044143677,
            "r2": 0.8081411684302962,
            "score": -0.16359811295172133
        },
        "test": {
            "rmse": 0.16146914320311484,
            "mae": 0.12256662547588348,
            "r2": 0.8139405614521923,
            "score": -0.16146914320311484
        }
    },
    "best_step": 2079,
    "time": "0:03:40.796536",
    "chunk_size": null,
    "eval_batch_size": 32768
}
