{
    "function": "bin.xgboost_.main",
    "gpus": [
        "NVIDIA A100-SXM4-80GB"
    ],
    "config": {
        "seed": 1,
        "model": {
            "booster": "gbtree",
            "n_estimators": 4000,
            "early_stopping_rounds": 3999,
            "n_jobs": 1,
            "tree_method": "hist",
            "device": "cuda",
            "use_label_encoder": false,
            "colsample_bytree": 0.8520844273762355,
            "gamma": 0.16266893804298338,
            "lambda": 0.0,
            "learning_rate": 0.008175618353046542,
            "max_depth": 7,
            "min_child_weight": 20.538301607524893,
            "subsample": 0.6159665058103825
        },
        "fit": {
            "verbose": true
        },
        "data": {
            "seed": 0,
            "path": ":data/maps-routing",
            "cache": true,
            "split": "sliding-window-2",
            "cat_policy": "ordinal"
        }
    },
    "prediction_type": "labels",
    "time": "0:02:30.052364",
    "best_iteration": 3818,
    "metrics": {
        "train": {
            "rmse": 0.11667570172460134,
            "mae": 0.08976247906684875,
            "r2": 0.9038432759626815,
            "score": -0.11667570172460134
        },
        "val": {
            "rmse": 0.1611490992782482,
            "mae": 0.12176256626844406,
            "r2": 0.8138423282179204,
            "score": -0.1611490992782482
        },
        "test": {
            "rmse": 0.15870787315029863,
            "mae": 0.12037471681833267,
            "r2": 0.8202497311590876,
            "score": -0.15870787315029863
        }
    }
}
