{
    "function": "bin.nn_baselines.main",
    "gpus": [
        "NVIDIA A100-SXM4-80GB"
    ],
    "config": {
        "seed": 4,
        "patience": 16,
        "n_epochs": -1,
        "batch_size": 1024,
        "model": {
            "backbone": {
                "type": "MLP",
                "n_blocks": 2,
                "d_block": 2048,
                "dropout": 0.1256263645250478
            }
        },
        "optimizer": {
            "type": "AdamW",
            "lr": 0.0008948041773884203,
            "weight_decay": 0.000260781835357732
        },
        "data": {
            "seed": 0,
            "path": ":data/delivery-eta",
            "cache": true,
            "split": "sliding-window-2",
            "cat_policy": "ordinal",
            "num_policy": "identity"
        }
    },
    "n_parameters": 4659201,
    "prediction_type": "labels",
    "epoch_size": 251,
    "metrics": {
        "train": {
            "rmse": 0.5388408426313542,
            "mae": 0.4229179620742798,
            "r2": 0.461770727141541,
            "score": -0.5388408426313542
        },
        "val": {
            "rmse": 0.5347747556744247,
            "mae": 0.421553373336792,
            "r2": 0.4585931536248281,
            "score": -0.5347747556744247
        },
        "test": {
            "rmse": 0.5301751033309956,
            "mae": 0.41829341650009155,
            "r2": 0.4671550843504719,
            "score": -0.5301751033309956
        }
    },
    "best_step": 502,
    "time": "0:00:13.513057",
    "chunk_size": null,
    "eval_batch_size": 32768
}
