{
    "function": "bin.xgboost_.main",
    "gpus": [
        "NVIDIA A100-SXM4-80GB"
    ],
    "config": {
        "seed": 2,
        "model": {
            "booster": "gbtree",
            "n_estimators": 4000,
            "early_stopping_rounds": 3999,
            "n_jobs": 1,
            "tree_method": "hist",
            "device": "cuda",
            "use_label_encoder": false,
            "colsample_bytree": 0.6091405688884225,
            "gamma": 4.029956238489894,
            "lambda": 0.0,
            "learning_rate": 0.9730668661310043,
            "max_depth": 3,
            "min_child_weight": 0.054469889182187245,
            "subsample": 0.8605582556408533
        },
        "fit": {
            "verbose": true
        },
        "data": {
            "seed": 0,
            "path": ":data/ecom-offers",
            "cache": true,
            "split": "default"
        }
    },
    "prediction_type": "probs",
    "time": "0:00:10.003495",
    "best_iteration": 12,
    "metrics": {
        "train": {
            "0": {
                "precision": 0.7912730238564535,
                "recall": 0.9681036838166288,
                "f1-score": 0.8708019447561041,
                "support": 84179.0
            },
            "1": {
                "precision": 0.5771653543307087,
                "recall": 0.1456561481599237,
                "f1-score": 0.2326097994414826,
                "support": 25162.0
            },
            "accuracy": 0.7788386789950704,
            "macro avg": {
                "precision": 0.6842191890935811,
                "recall": 0.5568799159882762,
                "f1-score": 0.5517058720987933,
                "support": 109341.0
            },
            "weighted avg": {
                "precision": 0.742001687572655,
                "recall": 0.7788386789950704,
                "f1-score": 0.723938547124781,
                "support": 109341.0
            },
            "cross-entropy": 0.48841689964189167,
            "roc-auc": 0.7066333477234757,
            "score": 0.7066333477234757
        },
        "val": {
            "0": {
                "precision": 0.6849347909474491,
                "recall": 0.9205438845212012,
                "f1-score": 0.7854511464232694,
                "support": 15518.0
            },
            "1": {
                "precision": 0.6378854625550661,
                "recall": 0.2484273132791948,
                "f1-score": 0.3575897267039842,
                "support": 8743.0
            },
            "accuracy": 0.6783314785045959,
            "macro avg": {
                "precision": 0.6614101267512575,
                "recall": 0.584485598900198,
                "f1-score": 0.5715204365636268,
                "support": 24261.0
            },
            "weighted avg": {
                "precision": 0.6679795014649627,
                "recall": 0.6783314785045959,
                "f1-score": 0.6312616079621297,
                "support": 24261.0
            },
            "cross-entropy": 0.6975150329780103,
            "roc-auc": 0.6124873312012893,
            "score": 0.6124873312012893
        },
        "test": {
            "0": {
                "precision": 0.6653322327692943,
                "recall": 0.9526651696017019,
                "f1-score": 0.7834856143079316,
                "support": 16922.0
            },
            "1": {
                "precision": 0.64,
                "recall": 0.14937585230252806,
                "f1-score": 0.24221806429664908,
                "support": 9533.0
            },
            "accuracy": 0.6632016632016632,
            "macro avg": {
                "precision": 0.6526661163846472,
                "recall": 0.551020510952115,
                "f1-score": 0.5128518393022904,
                "support": 26455.0
            },
            "weighted avg": {
                "precision": 0.6562038194262709,
                "recall": 0.6632016632016632,
                "f1-score": 0.5884410649124465,
                "support": 26455.0
            },
            "cross-entropy": 0.7680921819179904,
            "roc-auc": 0.5779613356835981,
            "score": 0.5779613356835981
        }
    }
}
