{
    "function": "bin.tabr.main",
    "gpus": [
        "NVIDIA A100-SXM4-80GB"
    ],
    "config": {
        "seed": 11,
        "patience": 16,
        "n_epochs": -1,
        "causal": true,
        "batch_size": 1024,
        "context_size": 96,
        "model": {
            "d_main": 256,
            "context_dropout": 0.5843625536265948,
            "d_multiplier": 2.0,
            "encoder_n_blocks": 0,
            "predictor_n_blocks": 1,
            "mixer_normalization": "auto",
            "dropout0": 0.03657762674604659,
            "dropout1": 0.0,
            "normalization": "LayerNorm",
            "activation": "ReLU"
        },
        "optimizer": {
            "type": "AdamW",
            "lr": 0.0009304973276707178,
            "weight_decay": 0.00021050114592881516
        },
        "data": {
            "seed": 0,
            "path": ":data/ecom-offers",
            "cache": true,
            "split": "default",
            "num_policy": "noisy-quantile"
        }
    },
    "n_parameters": 623873,
    "prediction_type": "logits",
    "epoch_size": 107,
    "metrics": {
        "train": {
            "0": {
                "precision": 0.7969090783487451,
                "recall": 0.9592653749747562,
                "f1-score": 0.870582400758997,
                "support": 84179.0
            },
            "1": {
                "precision": 0.5720169745381927,
                "recall": 0.1821397345203084,
                "f1-score": 0.2763007174293121,
                "support": 25162.0
            },
            "accuracy": 0.7804300308210095,
            "macro avg": {
                "precision": 0.6844630264434689,
                "recall": 0.5707025547475323,
                "f1-score": 0.5734415590941545,
                "support": 109341.0
            },
            "weighted avg": {
                "precision": 0.7451559837540265,
                "recall": 0.7804300308210095,
                "f1-score": 0.7338238589865463,
                "support": 109341.0
            },
            "cross-entropy": 0.4846967608593088,
            "roc-auc": 0.7137481700342079,
            "score": 0.7137481700342079
        },
        "val": {
            "0": {
                "precision": 0.6704741967780103,
                "recall": 0.9494135842247712,
                "f1-score": 0.7859276645684413,
                "support": 15518.0
            },
            "1": {
                "precision": 0.6567555749890687,
                "recall": 0.17179457851995883,
                "f1-score": 0.27234814143245695,
                "support": 8743.0
            },
            "accuracy": 0.6691809900663617,
            "macro avg": {
                "precision": 0.6636148858835396,
                "recall": 0.560604081372365,
                "f1-score": 0.5291379030004492,
                "support": 24261.0
            },
            "weighted avg": {
                "precision": 0.6655303811768102,
                "recall": 0.6691809900663617,
                "f1-score": 0.6008476690704029,
                "support": 24261.0
            },
            "cross-entropy": 0.6315673200002944,
            "roc-auc": 0.6370796082671009,
            "score": 0.6370796082671009
        },
        "test": {
            "0": {
                "precision": 0.658873069981953,
                "recall": 0.9708663278572273,
                "f1-score": 0.7850060921709631,
                "support": 16922.0
            },
            "1": {
                "precision": 0.6756578947368421,
                "recall": 0.1077310395468373,
                "f1-score": 0.18583190084140053,
                "support": 9533.0
            },
            "accuracy": 0.6598374598374598,
            "macro avg": {
                "precision": 0.6672654823593975,
                "recall": 0.5392986837020323,
                "f1-score": 0.4854189965061818,
                "support": 26455.0
            },
            "weighted avg": {
                "precision": 0.664921443990207,
                "recall": 0.6598374598374598,
                "f1-score": 0.5690950142671748,
                "support": 26455.0
            },
            "cross-entropy": 0.6657002127013736,
            "roc-auc": 0.5821362628238316,
            "score": 0.5821362628238316
        }
    },
    "best_step": 1070,
    "time": "0:02:13.726576",
    "chunk_size": null,
    "eval_batch_size": 32768
}
