{
    "function": null,
    "config": {
        "data": {
            "seed": 6,
            "path": ":data/weather"
        }
    },
    "metrics": {
        "val": {
            "score": -1.617181983962483
        },
        "test": {
            "score": -1.5476739490936018
        }
    },
    "time": 4.390260219573975
}