{
    "function": "bin.xgboost_.main",
    "gpus": [
        "NVIDIA A100-SXM4-80GB"
    ],
    "config": {
        "seed": 14,
        "model": {
            "booster": "gbtree",
            "n_estimators": 4000,
            "early_stopping_rounds": 3999,
            "n_jobs": 1,
            "tree_method": "hist",
            "device": "cuda",
            "use_label_encoder": false,
            "colsample_bytree": 0.5093205328041808,
            "gamma": 0.1916906406712451,
            "lambda": 0.5745245774199953,
            "learning_rate": 0.010302865638216521,
            "max_depth": 6,
            "min_child_weight": 0.06888916070116458,
            "subsample": 0.822054691903473
        },
        "fit": {
            "verbose": true
        },
        "data": {
            "seed": 0,
            "path": ":data/maps-routing",
            "cache": true,
            "split": "random-0",
            "cat_policy": "ordinal"
        }
    },
    "prediction_type": "labels",
    "time": "0:02:02.848899",
    "best_iteration": 3918,
    "metrics": {
        "train": {
            "rmse": 0.12186802697407646,
            "mae": 0.09488504379987717,
            "r2": 0.8960522806780742,
            "score": -0.12186802697407646
        },
        "val": {
            "rmse": 0.16133590961175465,
            "mae": 0.12215117365121841,
            "r2": 0.8176135220273408,
            "score": -0.16133590961175465
        },
        "test": {
            "rmse": 0.16069459569844324,
            "mae": 0.1215730682015419,
            "r2": 0.8172306145630921,
            "score": -0.16069459569844324
        }
    }
}
