{
    "function": "bin.xgboost_.main",
    "gpus": [
        "NVIDIA A100-SXM4-80GB"
    ],
    "config": {
        "seed": 5,
        "model": {
            "booster": "gbtree",
            "n_estimators": 4000,
            "early_stopping_rounds": 3999,
            "n_jobs": 1,
            "tree_method": "hist",
            "device": "cuda",
            "use_label_encoder": false,
            "colsample_bytree": 0.5212830679806896,
            "gamma": 0,
            "lambda": 0.9891450016156724,
            "learning_rate": 0.017249556042922297,
            "max_depth": 9,
            "min_child_weight": 23.422011119182482,
            "subsample": 0.9889884359599425
        },
        "fit": {
            "verbose": true
        },
        "data": {
            "seed": 0,
            "path": ":data/weather",
            "cache": true,
            "split": "sliding-window-0"
        }
    },
    "prediction_type": "labels",
    "time": "0:01:12.221031",
    "best_iteration": 3996,
    "metrics": {
        "train": {
            "rmse": 0.7890359477495135,
            "mae": 0.587420642375946,
            "r2": 0.9568961628951149,
            "score": -0.7890359477495135
        },
        "val": {
            "rmse": 1.5449314430606054,
            "mae": 1.1247786283493042,
            "r2": 0.8467423481042448,
            "score": -1.5449314430606054
        },
        "test": {
            "rmse": 1.612150151351961,
            "mae": 1.1606680154800415,
            "r2": 0.8359192226370793,
            "score": -1.612150151351961
        }
    }
}
