{
    "function": null,
    "config": {
        "data": {
            "seed": 14,
            "path": ":data/sberbank-housing"
        }
    },
    "metrics": {
        "val": {
            "score": -0.24792229236373006
        },
        "test": {
            "score": -0.24711139205793925
        }
    },
    "time": 2.5855460166931152
}