{
    "function": "bin.nn_baselines.main",
    "gpus": [
        "NVIDIA A100-SXM4-80GB"
    ],
    "config": {
        "seed": 12,
        "patience": 16,
        "n_epochs": -1,
        "batch_size": 1024,
        "model": {
            "backbone": {
                "type": "DCNv2",
                "d_cat_embedding": 16,
                "d_deep": 1024,
                "n_cross_layers": 1,
                "n_deep_layers": 2,
                "dropout_p": 0.4066009361884444,
                "nonlin_cross": false
            }
        },
        "optimizer": {
            "type": "AdamW",
            "lr": 0.00031195462499282353,
            "weight_decay": 6.489615270973036e-05
        },
        "data": {
            "seed": 0,
            "path": ":data/maps-routing",
            "cache": true,
            "split": "default",
            "cat_policy": "ordinal",
            "num_policy": "identity"
        }
    },
    "n_parameters": 3125593,
    "prediction_type": "labels",
    "epoch_size": 157,
    "metrics": {
        "train": {
            "rmse": 0.14980904101594722,
            "mae": 0.11422429233789444,
            "r2": 0.8421706014419279,
            "score": -0.14980904101594722
        },
        "val": {
            "rmse": 0.1665216140056637,
            "mae": 0.1252809464931488,
            "r2": 0.8038752937334033,
            "score": -0.1665216140056637
        },
        "test": {
            "rmse": 0.16646373521488744,
            "mae": 0.12564517557621002,
            "r2": 0.8015151857792846,
            "score": -0.16646373521488744
        }
    },
    "best_step": 628,
    "time": "0:00:08.391319",
    "chunk_size": null,
    "eval_batch_size": 32768
}
