{
    "function": "bin.nn_baselines.main",
    "gpus": [
        "NVIDIA A100-SXM4-80GB"
    ],
    "config": {
        "seed": 4,
        "patience": 16,
        "n_epochs": -1,
        "batch_size": 1024,
        "model": {
            "num_embeddings": {
                "type": "PeriodicEmbeddings",
                "n_frequencies": 128,
                "d_embedding": 8,
                "frequency_init_scale": 0.11685232576171223,
                "lite": false
            },
            "backbone": {
                "type": "MLP",
                "n_blocks": 1,
                "d_block": 512,
                "dropout": 0.443658259454362
            }
        },
        "optimizer": {
            "type": "AdamW",
            "lr": 1.5543868887998054e-05,
            "weight_decay": 2.4520661345562125e-05
        },
        "data": {
            "seed": 0,
            "path": ":data/cooking-time",
            "cache": true,
            "split": "random-2",
            "cat_policy": "ordinal",
            "num_policy": "identity"
        }
    },
    "n_parameters": 1176785,
    "prediction_type": "labels",
    "epoch_size": 157,
    "metrics": {
        "train": {
            "rmse": 0.453085009684691,
            "mae": 0.35285067558288574,
            "r2": 0.5306404027579462,
            "score": -0.453085009684691
        },
        "val": {
            "rmse": 0.46260100370117624,
            "mae": 0.3598465919494629,
            "r2": 0.5109679288829303,
            "score": -0.46260100370117624
        },
        "test": {
            "rmse": 0.4619871730891948,
            "mae": 0.3603028357028961,
            "r2": 0.5175446390038679,
            "score": -0.4619871730891948
        }
    },
    "best_step": 15072,
    "time": "0:07:47.575822",
    "chunk_size": null,
    "eval_batch_size": 32768
}
