{
    "function": "bin.nn_baselines.main",
    "gpus": [
        "NVIDIA A100-SXM4-80GB"
    ],
    "config": {
        "seed": 6,
        "patience": 16,
        "n_epochs": -1,
        "batch_size": 1024,
        "model": {
            "num_embeddings": {
                "type": "PeriodicEmbeddings",
                "n_frequencies": 128,
                "d_embedding": 32,
                "frequency_init_scale": 0.028942020087653193,
                "lite": false
            },
            "backbone": {
                "type": "MLP",
                "n_blocks": 1,
                "d_block": 1024,
                "dropout": 0.3411795678749082
            }
        },
        "optimizer": {
            "type": "AdamW",
            "lr": 0.00010539430818043947,
            "weight_decay": 0.00019952047888764442
        },
        "data": {
            "seed": 0,
            "path": ":data/cooking-time",
            "cache": true,
            "split": "sliding-window-1",
            "cat_policy": "ordinal",
            "num_policy": "identity"
        }
    },
    "n_parameters": 7665729,
    "prediction_type": "labels",
    "epoch_size": 157,
    "metrics": {
        "train": {
            "rmse": 0.45354417617388615,
            "mae": 0.3533157408237457,
            "r2": 0.529616062746674,
            "score": -0.45354417617388615
        },
        "val": {
            "rmse": 0.4601393432620062,
            "mae": 0.3575737178325653,
            "r2": 0.5085928270854025,
            "score": -0.4601393432620062
        },
        "test": {
            "rmse": 0.4656302906222244,
            "mae": 0.36134716868400574,
            "r2": 0.5025962937726982,
            "score": -0.4656302906222244
        }
    },
    "best_step": 3454,
    "time": "0:03:36.451556",
    "chunk_size": null,
    "eval_batch_size": 4096
}
