{
    "function": "bin.catboost_.main",
    "gpus": [
        "NVIDIA GeForce RTX 2080 Ti",
        "NVIDIA GeForce RTX 2080 Ti"
    ],
    "config": {
        "seed": 2,
        "model": {
            "iterations": 4000,
            "early_stopping_rounds": 3999,
            "od_pval": 0.001,
            "bagging_temperature": 0.014612750477688369,
            "depth": 10,
            "l2_leaf_reg": 5.095847336678159,
            "leaf_estimation_iterations": 5,
            "learning_rate": 0.014445693768153014,
            "task_type": "CPU",
            "thread_count": 4
        },
        "fit": {
            "logging_level": "Verbose"
        },
        "data": {
            "seed": 0,
            "path": ":data/homesite-insurance",
            "cache": true,
            "split": "default",
            "cat_policy": "ordinal"
        }
    },
    "prediction_type": "probs",
    "time": "1:10:48.840629",
    "best_iteration": 3956,
    "metrics": {
        "train": {
            "0": {
                "precision": 0.9606789265362862,
                "recall": 0.9950101939320002,
                "f1-score": 0.9775432250401545,
                "support": 181971.0
            },
            "1": {
                "precision": 0.9746694191820566,
                "recall": 0.8250017709981345,
                "f1-score": 0.8936121235373106,
                "support": 42349.0
            },
            "accuracy": 0.9629145863052782,
            "macro avg": {
                "precision": 0.9676741728591713,
                "recall": 0.9100059824650674,
                "f1-score": 0.9355776742887325,
                "support": 224320.0
            },
            "weighted avg": {
                "precision": 0.9633201683919197,
                "recall": 0.9629145863052782,
                "f1-score": 0.9616980118734999,
                "support": 224320.0
            },
            "cross-entropy": 0.10968874473731172,
            "roc-auc": 0.9902362591880901,
            "score": 0.9902362591880901
        },
        "val": {
            "0": {
                "precision": 0.9284151472650771,
                "recall": 0.9885311510662446,
                "f1-score": 0.9575305213215298,
                "support": 16741.0
            },
            "1": {
                "precision": 0.9169909208819714,
                "recall": 0.6243744480423904,
                "f1-score": 0.7429071803852889,
                "support": 3397.0
            },
            "accuracy": 0.927102989373324,
            "macro avg": {
                "precision": 0.9227030340735243,
                "recall": 0.8064527995543175,
                "f1-score": 0.8502188508534094,
                "support": 20138.0
            },
            "weighted avg": {
                "precision": 0.9264880394577771,
                "recall": 0.927102989373324,
                "f1-score": 0.9213265542363968,
                "support": 20138.0
            },
            "cross-entropy": 0.17693607592467903,
            "roc-auc": 0.9576754381376048,
            "score": 0.9576754381376048
        },
        "test": {
            "0": {
                "precision": 0.9237959329290046,
                "recall": 0.9847874039704876,
                "f1-score": 0.9533171342316471,
                "support": 13147.0
            },
            "1": {
                "precision": 0.9122807017543859,
                "recall": 0.6607369758576874,
                "f1-score": 0.7663964627855564,
                "support": 3148.0
            },
            "accuracy": 0.9221847192390303,
            "macro avg": {
                "precision": 0.9180383173416953,
                "recall": 0.8227621899140876,
                "f1-score": 0.8598567985086017,
                "support": 16295.0
            },
            "weighted avg": {
                "precision": 0.9215713273605666,
                "recall": 0.9221847192390303,
                "f1-score": 0.917206285890911,
                "support": 16295.0
            },
            "cross-entropy": 0.18218950272399842,
            "roc-auc": 0.9605723869732625,
            "score": 0.9605723869732625
        }
    }
}
