{
    "function": "bin.tabr.main",
    "gpus": [
        "NVIDIA A100-SXM4-80GB"
    ],
    "config": {
        "seed": 10,
        "patience": 16,
        "n_epochs": -1,
        "causal": false,
        "batch_size": 1024,
        "context_size": 96,
        "model": {
            "d_main": 1024,
            "context_dropout": 0.4660758688837844,
            "d_multiplier": 2.0,
            "encoder_n_blocks": 0,
            "predictor_n_blocks": 1,
            "mixer_normalization": "auto",
            "dropout0": 0.22945207007380758,
            "dropout1": 0.0,
            "normalization": "LayerNorm",
            "activation": "ReLU"
        },
        "optimizer": {
            "type": "AdamW",
            "lr": 0.0002685363826034026,
            "weight_decay": 1.8956225523262226e-06
        },
        "data": {
            "seed": 0,
            "path": ":data/ecom-offers",
            "cache": true,
            "split": "sliding-window-1",
            "num_policy": "noisy-quantile"
        }
    },
    "n_parameters": 9573377,
    "prediction_type": "logits",
    "epoch_size": 79,
    "metrics": {
        "train": {
            "0": {
                "precision": 0.7863246749863221,
                "recall": 0.9797279750697916,
                "f1-score": 0.8724363699431991,
                "support": 61612.0
            },
            "1": {
                "precision": 0.6204800972348831,
                "recall": 0.1107075088099756,
                "f1-score": 0.18789105631210895,
                "support": 18445.0
            },
            "accuracy": 0.7795071011904018,
            "macro avg": {
                "precision": 0.7034023861106026,
                "recall": 0.5452177419398836,
                "f1-score": 0.530163713127654,
                "support": 80057.0
            },
            "weighted avg": {
                "precision": 0.7481143593783767,
                "recall": 0.7795071011904018,
                "f1-score": 0.7147182652187469,
                "support": 80057.0
            },
            "cross-entropy": 0.49546624125894356,
            "roc-auc": 0.6880654460559912,
            "score": 0.6880654460559912
        },
        "val": {
            "0": {
                "precision": 0.7445682977517476,
                "recall": 0.8569875326181502,
                "f1-score": 0.796832350463353,
                "support": 13796.0
            },
            "1": {
                "precision": 0.5212327105071585,
                "recall": 0.34622823984526113,
                "f1-score": 0.4160774818401937,
                "support": 6204.0
            },
            "accuracy": 0.69855,
            "macro avg": {
                "precision": 0.6329005041294531,
                "recall": 0.6016078862317057,
                "f1-score": 0.6064549161517734,
                "support": 20000.0
            },
            "weighted avg": {
                "precision": 0.675289598588476,
                "recall": 0.69855,
                "f1-score": 0.6787221902164491,
                "support": 20000.0
            },
            "cross-entropy": 0.5879996711387517,
            "roc-auc": 0.6673269978552732,
            "score": 0.6673269978552732
        },
        "test": {
            "0": {
                "precision": 0.6762262778148306,
                "recall": 0.8684108074437437,
                "f1-score": 0.7603626943005182,
                "support": 12843.0
            },
            "1": {
                "precision": 0.5181066438551468,
                "recall": 0.2538773229006567,
                "f1-score": 0.34077269317329334,
                "support": 7157.0
            },
            "accuracy": 0.6485,
            "macro avg": {
                "precision": 0.5971664608349887,
                "recall": 0.5611440651722002,
                "f1-score": 0.5505676937369057,
                "support": 20000.0
            },
            "weighted avg": {
                "precision": 0.6196431668023576,
                "recall": 0.6485,
                "f1-score": 0.6102124123971407,
                "support": 20000.0
            },
            "cross-entropy": 0.6958163424949654,
            "roc-auc": 0.5886130465182793,
            "score": 0.5886130465182793
        }
    },
    "best_step": 1501,
    "time": "0:12:06.438137",
    "chunk_size": null,
    "eval_batch_size": 32768
}
