{
    "function": "bin.xgboost_.main",
    "gpus": [
        "NVIDIA A100-SXM4-80GB"
    ],
    "config": {
        "seed": 10,
        "model": {
            "booster": "gbtree",
            "n_estimators": 4000,
            "early_stopping_rounds": 3999,
            "n_jobs": 1,
            "tree_method": "hist",
            "device": "cuda",
            "use_label_encoder": false,
            "colsample_bytree": 0.5204546732195807,
            "gamma": 0,
            "lambda": 0.0,
            "learning_rate": 0.00925218726545299,
            "max_depth": 7,
            "min_child_weight": 0.0009293371268677855,
            "subsample": 0.5550545717385075
        },
        "fit": {
            "verbose": true
        },
        "data": {
            "seed": 0,
            "path": ":data/maps-routing",
            "cache": true,
            "split": "default",
            "cat_policy": "ordinal"
        }
    },
    "prediction_type": "labels",
    "time": "0:03:14.247292",
    "best_iteration": 3852,
    "metrics": {
        "train": {
            "rmse": 0.12074691570678868,
            "mae": 0.09493403136730194,
            "r2": 0.8974669199921923,
            "score": -0.12074691570678868
        },
        "val": {
            "rmse": 0.16189168768553203,
            "mae": 0.12174304574728012,
            "r2": 0.8146296779832836,
            "score": -0.16189168768553203
        },
        "test": {
            "rmse": 0.16164989733385943,
            "mae": 0.12185147404670715,
            "r2": 0.8128288819694691,
            "score": -0.16164989733385943
        }
    }
}
