{
    "function": "bin.catboost_.main",
    "gpus": [
        "NVIDIA GeForce RTX 2080 Ti",
        "NVIDIA GeForce RTX 2080 Ti"
    ],
    "config": {
        "seed": 6,
        "model": {
            "iterations": 4000,
            "early_stopping_rounds": 3999,
            "od_pval": 0.001,
            "bagging_temperature": 0.2632243146305454,
            "depth": 10,
            "l2_leaf_reg": 3.1353759508497734,
            "leaf_estimation_iterations": 3,
            "learning_rate": 0.014610851679863828,
            "task_type": "CPU",
            "thread_count": 4
        },
        "fit": {
            "logging_level": "Verbose"
        },
        "data": {
            "seed": 0,
            "path": ":data/delivery-eta",
            "cache": true,
            "split": "default",
            "cat_policy": "ordinal"
        }
    },
    "prediction_type": "labels",
    "time": "0:51:06.189656",
    "best_iteration": 3994,
    "metrics": {
        "train": {
            "rmse": 0.43998925940801803,
            "mae": 0.34281669110040025,
            "r2": 0.6371473117615478,
            "score": -0.43998925940801803
        },
        "val": {
            "rmse": 0.5553757384683118,
            "mae": 0.4362183135883598,
            "r2": 0.41836342324220666,
            "score": -0.5553757384683118
        },
        "test": {
            "rmse": 0.5466458868367164,
            "mae": 0.4362039363712419,
            "r2": 0.44317187295712435,
            "score": -0.5466458868367164
        }
    }
}
