{
    "function": "bin.tabr.main",
    "gpus": [
        "NVIDIA A100-SXM4-80GB"
    ],
    "config": {
        "seed": 9,
        "patience": 16,
        "n_epochs": -1,
        "causal": false,
        "batch_size": 1024,
        "context_size": 96,
        "model": {
            "d_main": 128,
            "context_dropout": 0.33527183313494296,
            "d_multiplier": 2.0,
            "encoder_n_blocks": 0,
            "predictor_n_blocks": 1,
            "mixer_normalization": "auto",
            "dropout0": 0.24449864910650304,
            "dropout1": 0.0,
            "normalization": "LayerNorm",
            "activation": "ReLU"
        },
        "optimizer": {
            "type": "AdamW",
            "lr": 0.00011403420394894286,
            "weight_decay": 3.1794473091364426e-06
        },
        "data": {
            "seed": 0,
            "path": ":data/cooking-time",
            "cache": true,
            "split": "random-2",
            "cat_policy": "ordinal",
            "num_policy": "identity"
        }
    },
    "n_parameters": 174977,
    "prediction_type": "labels",
    "epoch_size": 157,
    "metrics": {
        "train": {
            "rmse": 0.4532914184934073,
            "mae": 0.35369428992271423,
            "r2": 0.5302126423645437,
            "score": -0.4532914184934073
        },
        "val": {
            "rmse": 0.4631853573705438,
            "mae": 0.3604811728000641,
            "r2": 0.509731616194143,
            "score": -0.4631853573705438
        },
        "test": {
            "rmse": 0.4630831869197328,
            "mae": 0.36156654357910156,
            "r2": 0.5152527779967644,
            "score": -0.4630831869197328
        }
    },
    "best_step": 2826,
    "time": "0:03:03.132316",
    "chunk_size": null,
    "eval_batch_size": 32768
}
