{
    "function": "bin.xgboost_.main",
    "gpus": [
        "NVIDIA A100-SXM4-80GB"
    ],
    "config": {
        "seed": 8,
        "model": {
            "booster": "gbtree",
            "n_estimators": 4000,
            "early_stopping_rounds": 3999,
            "n_jobs": 1,
            "tree_method": "hist",
            "device": "cuda",
            "use_label_encoder": false,
            "colsample_bytree": 0.8897831195908247,
            "gamma": 0,
            "lambda": 9.023268389452678,
            "learning_rate": 0.019373279583235595,
            "max_depth": 3,
            "min_child_weight": 0.0003233132448505383,
            "subsample": 0.88886610640258
        },
        "fit": {
            "verbose": true
        },
        "data": {
            "seed": 0,
            "path": ":data/sberbank-housing",
            "cache": true,
            "split": "default",
            "cat_policy": "ordinal"
        }
    },
    "prediction_type": "labels",
    "time": "0:00:20.992427",
    "best_iteration": 1458,
    "metrics": {
        "train": {
            "rmse": 0.23212751613613147,
            "mae": 0.11962547153234482,
            "r2": 0.6557554484768022,
            "score": -0.23212751613613147
        },
        "val": {
            "rmse": 0.236113001116188,
            "mae": 0.13681195676326752,
            "r2": 0.6276159462789788,
            "score": -0.236113001116188
        },
        "test": {
            "rmse": 0.2423693835329269,
            "mae": 0.16360703110694885,
            "r2": 0.5985836140753537,
            "score": -0.2423693835329269
        }
    }
}
