{
    "function": "bin.ensemble.main",
    "gpus": [
        "NVIDIA A100-SXM4-80GB"
    ],
    "config": {
        "seeds": [
            5,
            6,
            7,
            8,
            9
        ],
        "data": {
            "path": ":data/delivery-eta"
        }
    },
    "single_model_function": "bin.nn_baselines.main",
    "prediction_type": "labels",
    "metrics": {
        "train": {
            "rmse": 0.5281860970814898,
            "mae": 0.4135490953922272,
            "r2": 0.48014152031378043,
            "score": -0.5281860970814898
        },
        "val": {
            "rmse": 0.5388637673966652,
            "mae": 0.42205917835235596,
            "r2": 0.45973290534856015,
            "score": -0.5388637673966652
        },
        "test": {
            "rmse": 0.5403601190466866,
            "mae": 0.4231419563293457,
            "r2": 0.458262835204163,
            "score": -0.5403601190466866
        }
    }
}
