{
    "function": "bin.ensemble.main",
    "gpus": [
        "NVIDIA A100-SXM4-80GB"
    ],
    "config": {
        "seeds": [
            10,
            11,
            12,
            13,
            14
        ],
        "data": {
            "path": ":data/maps-routing"
        }
    },
    "single_model_function": "bin.nn_baselines.main",
    "prediction_type": "labels",
    "metrics": {
        "train": {
            "rmse": 0.158028612312088,
            "mae": 0.12059604376554489,
            "r2": 0.8243762037331243,
            "score": -0.158028612312088
        },
        "val": {
            "rmse": 0.16275809222786808,
            "mae": 0.12300354987382889,
            "r2": 0.8126402784201483,
            "score": -0.16275809222786808
        },
        "test": {
            "rmse": 0.16296150691576985,
            "mae": 0.12348764389753342,
            "r2": 0.8097791754502022,
            "score": -0.16296150691576985
        }
    }
}
