{
    "function": "bin.nn_baselines.main",
    "gpus": [
        "NVIDIA A100-SXM4-80GB"
    ],
    "config": {
        "seed": 3,
        "patience": 16,
        "n_epochs": -1,
        "batch_size": 1024,
        "model": {
            "backbone": {
                "type": "FTTransformerBackbone",
                "attention_n_heads": 8,
                "ffn_d_hidden_multiplier": 2,
                "ffn_activation": "ReLU",
                "residual_dropout": 0,
                "n_blocks": 2,
                "d_block": 256,
                "attention_dropout": 0.09277530392520592,
                "ffn_dropout": 0.38807357804004383
            },
            "num_embeddings": {
                "type": "LinearEmbeddings"
            }
        },
        "optimizer": {
            "type": "AdamW",
            "lr": 0.0007275778408047029,
            "weight_decay": 2.7915701474483565e-06
        },
        "data": {
            "seed": 0,
            "path": ":data/ecom-offers",
            "cache": true,
            "split": "default",
            "num_policy": "noisy-quantile"
        }
    },
    "n_parameters": 1115649,
    "prediction_type": "logits",
    "epoch_size": 107,
    "metrics": {
        "train": {
            "0": {
                "precision": 0.7834132708939159,
                "recall": 0.9857090248161655,
                "f1-score": 0.872995081406665,
                "support": 84179.0
            },
            "1": {
                "precision": 0.6487591240875913,
                "recall": 0.08830776567840394,
                "f1-score": 0.15545527687410363,
                "support": 25162.0
            },
            "accuracy": 0.7791953613008844,
            "macro avg": {
                "precision": 0.7160861974907535,
                "recall": 0.5370083952472847,
                "f1-score": 0.5142251791403843,
                "support": 109341.0
            },
            "weighted avg": {
                "precision": 0.7524261055859276,
                "recall": 0.7791953613008844,
                "f1-score": 0.7078718745432897,
                "support": 109341.0
            },
            "cross-entropy": 0.490471736402262,
            "roc-auc": 0.7067113934076303,
            "score": 0.7067113934076303
        },
        "val": {
            "0": {
                "precision": 0.6396273855158485,
                "recall": 1.0,
                "f1-score": 0.7802106639181478,
                "support": 15518.0
            },
            "1": {
                "precision": 0.0,
                "recall": 0.0,
                "f1-score": 0.0,
                "support": 8743.0
            },
            "accuracy": 0.6396273855158485,
            "macro avg": {
                "precision": 0.31981369275792426,
                "recall": 0.5,
                "f1-score": 0.3901053319590739,
                "support": 24261.0
            },
            "weighted avg": {
                "precision": 0.4091231923018399,
                "recall": 0.6396273855158485,
                "f1-score": 0.4990441071135492,
                "support": 24261.0
            },
            "cross-entropy": 0.6676692791644272,
            "roc-auc": 0.6107920527131112,
            "score": 0.6107920527131112
        },
        "test": {
            "0": {
                "precision": 0.6396522396522396,
                "recall": 1.0,
                "f1-score": 0.7802291536989648,
                "support": 16922.0
            },
            "1": {
                "precision": 0.0,
                "recall": 0.0,
                "f1-score": 0.0,
                "support": 9533.0
            },
            "accuracy": 0.6396522396522396,
            "macro avg": {
                "precision": 0.3198261198261198,
                "recall": 0.5,
                "f1-score": 0.3901145768494824,
                "support": 26455.0
            },
            "weighted avg": {
                "precision": 0.4091549876921262,
                "recall": 0.6396522396522396,
                "f1-score": 0.4990753256055144,
                "support": 26455.0
            },
            "cross-entropy": 0.6973278381782894,
            "roc-auc": 0.570874503663355,
            "score": 0.570874503663355
        }
    },
    "best_step": 2461,
    "time": "0:06:09.024589",
    "chunk_size": null,
    "eval_batch_size": 32768
}
