{
    "function": "bin.tabr.main",
    "gpus": [
        "NVIDIA A100-SXM4-80GB"
    ],
    "config": {
        "seed": 0,
        "patience": 16,
        "n_epochs": -1,
        "causal": false,
        "batch_size": 1024,
        "context_size": 96,
        "model": {
            "d_main": 256,
            "context_dropout": 0.5943334527352481,
            "d_multiplier": 2.0,
            "encoder_n_blocks": 0,
            "predictor_n_blocks": 1,
            "mixer_normalization": "auto",
            "dropout0": 0.5258905569257921,
            "dropout1": 0.0,
            "normalization": "LayerNorm",
            "activation": "ReLU"
        },
        "optimizer": {
            "type": "AdamW",
            "lr": 6.530698170025576e-05,
            "weight_decay": 0.0003870610283439195
        },
        "data": {
            "seed": 0,
            "path": ":data/homesite-insurance",
            "cache": true,
            "split": "random-0",
            "cat_policy": "ordinal",
            "num_policy": "noisy-quantile"
        }
    },
    "n_parameters": 700929,
    "prediction_type": "logits",
    "epoch_size": 177,
    "metrics": {
        "train": {
            "0": {
                "precision": 0.9406451781559616,
                "recall": 0.9830276952498036,
                "f1-score": 0.9613695491722524,
                "support": 146415.0
            },
            "1": {
                "precision": 0.9104213979308604,
                "recall": 0.7355116780243462,
                "f1-score": 0.8136729006588379,
                "support": 34338.0
            },
            "accuracy": 0.9360065946346672,
            "macro avg": {
                "precision": 0.9255332880434111,
                "recall": 0.8592696866370749,
                "f1-score": 0.8875212249155451,
                "support": 180753.0
            },
            "weighted avg": {
                "precision": 0.9349035076698864,
                "recall": 0.9360065946346672,
                "f1-score": 0.933311328746292,
                "support": 180753.0
            },
            "cross-entropy": 0.14935506103145862,
            "roc-auc": 0.974695755176159,
            "score": 0.974695755176159
        },
        "val": {
            "0": {
                "precision": 0.9325142554817472,
                "recall": 0.9766053069014344,
                "f1-score": 0.9540506405244482,
                "support": 16243.0
            },
            "1": {
                "precision": 0.8728671796587487,
                "recall": 0.6944370508384349,
                "f1-score": 0.7734954046842574,
                "support": 3757.0
            },
            "accuracy": 0.9236,
            "macro avg": {
                "precision": 0.9026907175702479,
                "recall": 0.8355211788699346,
                "f1-score": 0.8637730226043527,
                "support": 20000.0
            },
            "weighted avg": {
                "precision": 0.9213095522883968,
                "recall": 0.9236,
                "f1-score": 0.9201333394718684,
                "support": 20000.0
            },
            "cross-entropy": 0.1819219483306502,
            "roc-auc": 0.9620136442223445,
            "score": 0.9620136442223445
        },
        "test": {
            "0": {
                "precision": 0.935495262197634,
                "recall": 0.9750935525427887,
                "f1-score": 0.9548840562297248,
                "support": 16301.0
            },
            "1": {
                "precision": 0.8650714523097375,
                "recall": 0.7037037037037037,
                "f1-score": 0.7760882528324389,
                "support": 3699.0
            },
            "accuracy": 0.9249,
            "macro avg": {
                "precision": 0.9002833572536857,
                "recall": 0.8393986281232462,
                "f1-score": 0.8654861545310819,
                "support": 20000.0
            },
            "weighted avg": {
                "precision": 0.9224703785588676,
                "recall": 0.9249,
                "f1-score": 0.9218157723913968,
                "support": 20000.0
            },
            "cross-entropy": 0.18668328108561244,
            "roc-auc": 0.9588289952606414,
            "score": 0.9588289952606414
        }
    },
    "best_step": 5133,
    "time": "0:06:26.111860",
    "chunk_size": null,
    "eval_batch_size": 32768
}
