{
    "function": "bin.ensemble.main",
    "gpus": [
        "NVIDIA A100-SXM4-80GB"
    ],
    "config": {
        "seeds": [
            10,
            11,
            12,
            13,
            14
        ],
        "data": {
            "path": ":data/homecredit-default"
        }
    },
    "single_model_function": "bin.nn_baselines.main",
    "prediction_type": "probs",
    "metrics": {
        "train": {
            "0": {
                "precision": 0.969246576622018,
                "recall": 1.0,
                "f1-score": 0.9843831525502837,
                "support": 259414.0
            },
            "1": {
                "precision": 0.0,
                "recall": 0.0,
                "f1-score": 0.0,
                "support": 8231.0
            },
            "accuracy": 0.969246576622018,
            "macro avg": {
                "precision": 0.484623288311009,
                "recall": 0.5,
                "f1-score": 0.4921915762751419,
                "support": 267645.0
            },
            "weighted avg": {
                "precision": 0.9394389262935013,
                "recall": 0.969246576622018,
                "f1-score": 0.9541100006937522,
                "support": 267645.0
            },
            "cross-entropy": 0.10605131339746962,
            "roc-auc": 0.8692391810096679,
            "score": 0.8692391810096679
        },
        "val": {
            "0": {
                "precision": 0.9554103898790031,
                "recall": 1.0,
                "f1-score": 0.9771968020872815,
                "support": 55431.0
            },
            "1": {
                "precision": 0.0,
                "recall": 0.0,
                "f1-score": 0.0,
                "support": 2587.0
            },
            "accuracy": 0.9554103898790031,
            "macro avg": {
                "precision": 0.47770519493950153,
                "recall": 0.5,
                "f1-score": 0.4885984010436408,
                "support": 58018.0
            },
            "weighted avg": {
                "precision": 0.9128090130887486,
                "recall": 0.9554103898790031,
                "f1-score": 0.9336239776707247,
                "support": 58018.0
            },
            "cross-entropy": 0.1473932679526816,
            "roc-auc": 0.8335639749002227,
            "score": 0.8335639749002227
        },
        "test": {
            "0": {
                "precision": 0.9780539633220835,
                "recall": 1.0,
                "f1-score": 0.9889052386411852,
                "support": 54772.0
            },
            "1": {
                "precision": 0.0,
                "recall": 0.0,
                "f1-score": 0.0,
                "support": 1229.0
            },
            "accuracy": 0.9780539633220835,
            "macro avg": {
                "precision": 0.48902698166104175,
                "recall": 0.5,
                "f1-score": 0.4944526193205926,
                "support": 56001.0
            },
            "weighted avg": {
                "precision": 0.9565895551700355,
                "recall": 0.9780539633220835,
                "f1-score": 0.9672026880029819,
                "support": 56001.0
            },
            "cross-entropy": 0.08565052953270974,
            "roc-auc": 0.8534394255241508,
            "score": 0.8534394255241508
        }
    }
}
