{
    "function": "bin.tabr.main",
    "gpus": [
        "NVIDIA A100-SXM4-80GB"
    ],
    "config": {
        "seed": 2,
        "patience": 16,
        "n_epochs": -1,
        "causal": false,
        "batch_size": 1024,
        "context_size": 96,
        "model": {
            "d_main": 512,
            "context_dropout": 0.5919917227656608,
            "d_multiplier": 2.0,
            "encoder_n_blocks": 0,
            "predictor_n_blocks": 1,
            "mixer_normalization": "auto",
            "dropout0": 0.5839175528216004,
            "dropout1": 0.0,
            "normalization": "LayerNorm",
            "activation": "ReLU"
        },
        "optimizer": {
            "type": "AdamW",
            "lr": 2.3234360555956515e-05,
            "weight_decay": 1.997973534486981e-05
        },
        "data": {
            "seed": 0,
            "path": ":data/homesite-insurance",
            "cache": true,
            "split": "default",
            "cat_policy": "ordinal",
            "num_policy": "noisy-quantile"
        }
    },
    "n_parameters": 2581505,
    "prediction_type": "logits",
    "epoch_size": 220,
    "metrics": {
        "train": {
            "0": {
                "precision": 0.9410213403377744,
                "recall": 0.9804419385506482,
                "f1-score": 0.9603272644086499,
                "support": 181971.0
            },
            "1": {
                "precision": 0.8975119506997639,
                "recall": 0.7359559847930294,
                "f1-score": 0.8087447291599091,
                "support": 42349.0
            },
            "accuracy": 0.9342858416547789,
            "macro avg": {
                "precision": 0.9192666455187691,
                "recall": 0.8581989616718388,
                "f1-score": 0.8845359967842795,
                "support": 224320.0
            },
            "weighted avg": {
                "precision": 0.9328072749767717,
                "recall": 0.9342858416547789,
                "f1-score": 0.9317102494958069,
                "support": 224320.0
            },
            "cross-entropy": 0.1558989559144822,
            "roc-auc": 0.9714665815908117,
            "score": 0.9714665815908117
        },
        "val": {
            "0": {
                "precision": 0.9325804437886612,
                "recall": 0.981602054835434,
                "f1-score": 0.9564635353006228,
                "support": 16741.0
            },
            "1": {
                "precision": 0.877632101708383,
                "recall": 0.6502796585222255,
                "f1-score": 0.7470409198512006,
                "support": 3397.0
            },
            "accuracy": 0.9257125831760851,
            "macro avg": {
                "precision": 0.9051062727485222,
                "recall": 0.8159408566788298,
                "f1-score": 0.8517522275759117,
                "support": 20138.0
            },
            "weighted avg": {
                "precision": 0.9233114241220257,
                "recall": 0.9257125831760851,
                "f1-score": 0.921136858138954,
                "support": 20138.0
            },
            "cross-entropy": 0.18802120680850007,
            "roc-auc": 0.9505107221790814,
            "score": 0.9505107221790814
        },
        "test": {
            "0": {
                "precision": 0.9219883629049638,
                "recall": 0.9762683501939606,
                "f1-score": 0.9483522979163588,
                "support": 13147.0
            },
            "1": {
                "precision": 0.8685762426284751,
                "recall": 0.6550190597204575,
                "f1-score": 0.7468308583846432,
                "support": 3148.0
            },
            "accuracy": 0.9142068119054925,
            "macro avg": {
                "precision": 0.8952823027667194,
                "recall": 0.8156437049572091,
                "f1-score": 0.847591578150501,
                "support": 16295.0
            },
            "weighted avg": {
                "precision": 0.9116697771651425,
                "recall": 0.9142068119054925,
                "f1-score": 0.9094207550108147,
                "support": 16295.0
            },
            "cross-entropy": 0.21461036349450763,
            "roc-auc": 0.9461358604670538,
            "score": 0.9461358604670538
        }
    },
    "best_step": 7040,
    "time": "0:21:35.108332",
    "chunk_size": null,
    "eval_batch_size": 32768
}
