{
    "function": "bin.tabr.main",
    "gpus": [
        "NVIDIA A100-SXM4-80GB"
    ],
    "config": {
        "seed": 1,
        "patience": 16,
        "n_epochs": -1,
        "causal": false,
        "batch_size": 1024,
        "context_size": 96,
        "model": {
            "d_main": 128,
            "context_dropout": 0.2803360712432374,
            "d_multiplier": 2.0,
            "encoder_n_blocks": 0,
            "predictor_n_blocks": 1,
            "mixer_normalization": "auto",
            "dropout0": 0.25955697040798087,
            "dropout1": 0.0,
            "normalization": "LayerNorm",
            "activation": "ReLU"
        },
        "optimizer": {
            "type": "AdamW",
            "lr": 5.987686373569507e-05,
            "weight_decay": 3.0633048871579933e-06
        },
        "data": {
            "seed": 0,
            "path": ":data/delivery-eta",
            "cache": true,
            "split": "random-2",
            "cat_policy": "ordinal",
            "num_policy": "identity"
        }
    },
    "n_parameters": 177921,
    "prediction_type": "labels",
    "epoch_size": 251,
    "metrics": {
        "train": {
            "rmse": 0.5262975982922886,
            "mae": 0.4117685556411743,
            "r2": 0.48385228899847765,
            "score": -0.5262975982922886
        },
        "val": {
            "rmse": 0.5396230795912054,
            "mae": 0.42214101552963257,
            "r2": 0.4582092844997172,
            "score": -0.5396230795912054
        },
        "test": {
            "rmse": 0.5399533526264493,
            "mae": 0.42273959517478943,
            "r2": 0.4590781629309303,
            "score": -0.5399533526264493
        }
    },
    "best_step": 7028,
    "time": "0:04:58.548990",
    "chunk_size": null,
    "eval_batch_size": 32768
}
