{
    "function": null,
    "config": {
        "data": {
            "seed": 11,
            "path": ":data/homesite-insurance"
        }
    },
    "metrics": {
        "val": {
            "score": -0.9499768565316147
        },
        "test": {
            "score": 0.9506563887249342
        }
    },
    "time": 458.8776135444641
}