{
    "function": "bin.nn_baselines.main",
    "gpus": [
        "NVIDIA A100-SXM4-80GB"
    ],
    "config": {
        "seed": 8,
        "patience": 16,
        "n_epochs": -1,
        "batch_size": 1024,
        "model": {
            "backbone": {
                "type": "FTTransformerBackbone",
                "attention_n_heads": 8,
                "ffn_d_hidden_multiplier": 2,
                "ffn_activation": "ReLU",
                "residual_dropout": 0,
                "n_blocks": 2,
                "d_block": 128,
                "attention_dropout": 0.40231474255641725,
                "ffn_dropout": 0.011880996379985242
            },
            "num_embeddings": {
                "type": "LinearEmbeddings"
            }
        },
        "optimizer": {
            "type": "AdamW",
            "lr": 0.0001838940112038131,
            "weight_decay": 5.493045340935069e-05
        },
        "data": {
            "seed": 0,
            "path": ":data/maps-routing",
            "cache": true,
            "split": "default",
            "cat_policy": "ordinal",
            "num_policy": "identity"
        }
    },
    "n_parameters": 519425,
    "prediction_type": "labels",
    "epoch_size": 157,
    "metrics": {
        "train": {
            "rmse": 0.157594729528838,
            "mae": 0.11998012661933899,
            "r2": 0.8253392714672466,
            "score": -0.157594729528838
        },
        "val": {
            "rmse": 0.1623437061071107,
            "mae": 0.12256980687379837,
            "r2": 0.8135931060940762,
            "score": -0.1623437061071107
        },
        "test": {
            "rmse": 0.16222588247574143,
            "mae": 0.12277057766914368,
            "r2": 0.8114926371047307,
            "score": -0.16222588247574143
        }
    },
    "best_step": 10205,
    "time": "4:37:30.449925",
    "chunk_size": 512,
    "eval_batch_size": 1024
}
