{
    "function": null,
    "config": {
        "data": {
            "seed": 9,
            "path": ":data/weather"
        }
    },
    "metrics": {
        "val": {
            "score": -1.629474636780674
        },
        "test": {
            "score": -1.5598634746898115
        }
    },
    "time": 4.3706324100494385
}