{
    "function": "bin.xgboost_.main",
    "gpus": [
        "NVIDIA A100-SXM4-80GB"
    ],
    "config": {
        "seed": 10,
        "model": {
            "booster": "gbtree",
            "n_estimators": 4000,
            "early_stopping_rounds": 3999,
            "n_jobs": 1,
            "tree_method": "hist",
            "device": "cuda",
            "use_label_encoder": false,
            "colsample_bytree": 0.5212830679806896,
            "gamma": 0,
            "lambda": 0.9891450016156724,
            "learning_rate": 0.017249556042922297,
            "max_depth": 9,
            "min_child_weight": 23.422011119182482,
            "subsample": 0.9889884359599425
        },
        "fit": {
            "verbose": true
        },
        "data": {
            "seed": 0,
            "path": ":data/weather",
            "cache": true,
            "split": "sliding-window-0"
        }
    },
    "prediction_type": "labels",
    "time": "0:01:10.796235",
    "best_iteration": 3997,
    "metrics": {
        "train": {
            "rmse": 0.7924364680627921,
            "mae": 0.5896216034889221,
            "r2": 0.9565238319289067,
            "score": -0.7924364680627921
        },
        "val": {
            "rmse": 1.5480738146331972,
            "mae": 1.1266053915023804,
            "r2": 0.8461182781093071,
            "score": -1.5480738146331972
        },
        "test": {
            "rmse": 1.6142710311911517,
            "mae": 1.1631964445114136,
            "r2": 0.8354872250813946,
            "score": -1.6142710311911517
        }
    }
}
