{
    "function": "bin.nn_baselines.main",
    "gpus": [
        "NVIDIA A100-SXM4-80GB"
    ],
    "config": {
        "seed": 3,
        "patience": 16,
        "n_epochs": -1,
        "batch_size": 1024,
        "model": {
            "backbone": {
                "type": "ResNet",
                "n_blocks": 3,
                "d_block": 128,
                "d_hidden_multiplier": 2,
                "dropout1": 0.499904690155194,
                "dropout2": 0.16933086372135409
            }
        },
        "optimizer": {
            "type": "AdamW",
            "lr": 5.787810772331574e-05,
            "weight_decay": 1.048494987660001e-05
        },
        "data": {
            "seed": 0,
            "path": ":data/cooking-time",
            "cache": true,
            "split": "default",
            "cat_policy": "ordinal",
            "num_policy": "identity"
        }
    },
    "n_parameters": 224769,
    "prediction_type": "labels",
    "epoch_size": 222,
    "metrics": {
        "train": {
            "rmse": 0.45021623078774237,
            "mae": 0.3505823612213135,
            "r2": 0.5344108735209234,
            "score": -0.45021623078774237
        },
        "val": {
            "rmse": 0.4651173019120702,
            "mae": 0.3618691563606262,
            "r2": 0.5038754332700204,
            "score": -0.4651173019120702
        },
        "test": {
            "rmse": 0.4822254785005631,
            "mae": 0.3766953945159912,
            "r2": 0.4815332970679731,
            "score": -0.4822254785005631
        }
    },
    "best_step": 12432,
    "time": "0:00:49.927924",
    "chunk_size": null,
    "eval_batch_size": 32768
}
