{
    "function": "bin.nn_baselines.main",
    "gpus": [
        "NVIDIA A100-SXM4-80GB"
    ],
    "config": {
        "seed": 9,
        "patience": 16,
        "n_epochs": -1,
        "batch_size": 1024,
        "model": {
            "backbone": {
                "type": "FTTransformerBackbone",
                "attention_n_heads": 8,
                "ffn_d_hidden_multiplier": 2,
                "ffn_activation": "ReLU",
                "residual_dropout": 0,
                "n_blocks": 4,
                "d_block": 256,
                "attention_dropout": 0.1240695293311066,
                "ffn_dropout": 0.2158134170107986
            },
            "num_embeddings": {
                "type": "LinearEmbeddings"
            }
        },
        "optimizer": {
            "type": "AdamW",
            "lr": 3.68640326960085e-05,
            "weight_decay": 3.665184382327534e-06
        },
        "data": {
            "seed": 0,
            "path": ":data/weather",
            "cache": true,
            "split": "default",
            "num_policy": "noisy-quantile"
        }
    },
    "n_parameters": 2161665,
    "prediction_type": "labels",
    "epoch_size": 333,
    "metrics": {
        "train": {
            "rmse": 1.4024675149946377,
            "mae": 1.0289970636367798,
            "r2": 0.8697068909284537,
            "score": -1.4024675149946377
        },
        "val": {
            "rmse": 1.5884230355747357,
            "mae": 1.1594090461730957,
            "r2": 0.8411277367614465,
            "score": -1.5884230355747357
        },
        "test": {
            "rmse": 1.5127574890637243,
            "mae": 1.1070590019226074,
            "r2": 0.8457495609527611,
            "score": -1.5127574890637243
        }
    },
    "best_step": 26973,
    "time": "1:28:08.025591",
    "chunk_size": null,
    "eval_batch_size": 32768
}
