{
    "function": "bin.nn_baselines.main",
    "gpus": [
        "NVIDIA A100-SXM4-80GB"
    ],
    "config": {
        "seed": 2,
        "patience": 16,
        "n_epochs": -1,
        "batch_size": 1024,
        "model": {
            "backbone": {
                "type": "MLP",
                "n_blocks": 2,
                "d_block": 512,
                "dropout": 0.15417439275624958
            }
        },
        "optimizer": {
            "type": "AdamW",
            "lr": 2.3168688037058916e-05,
            "weight_decay": 1.2462304920620324e-05
        },
        "data": {
            "seed": 0,
            "path": ":data/cooking-time",
            "cache": true,
            "split": "random-2",
            "cat_policy": "ordinal",
            "num_policy": "identity"
        }
    },
    "n_parameters": 366593,
    "prediction_type": "labels",
    "epoch_size": 157,
    "metrics": {
        "train": {
            "rmse": 0.44980669108121396,
            "mae": 0.3507789373397827,
            "r2": 0.5374080065044977,
            "score": -0.44980669108121396
        },
        "val": {
            "rmse": 0.4641269960121654,
            "mae": 0.36146172881126404,
            "r2": 0.5077362156809915,
            "score": -0.4641269960121654
        },
        "test": {
            "rmse": 0.46371100757911016,
            "mae": 0.3618415594100952,
            "r2": 0.5139375220262841,
            "score": -0.46371100757911016
        }
    },
    "best_step": 13659,
    "time": "0:00:30.468430",
    "chunk_size": null,
    "eval_batch_size": 32768
}
