{
    "function": "bin.nn_baselines.main",
    "gpus": [
        "NVIDIA A100-SXM4-80GB"
    ],
    "config": {
        "seed": 3,
        "patience": 16,
        "n_epochs": -1,
        "batch_size": 256,
        "model": {
            "backbone": {
                "type": "MLP",
                "n_blocks": 1,
                "d_block": 512,
                "dropout": 0.7482794001665907
            }
        },
        "optimizer": {
            "type": "AdamW",
            "lr": 7.691580688984328e-05,
            "weight_decay": 0.0002621694099899646
        },
        "data": {
            "seed": 0,
            "path": ":data/sberbank-housing",
            "cache": true,
            "split": "random-2",
            "cat_policy": "ordinal",
            "num_policy": "noisy-quantile"
        }
    },
    "n_parameters": 279041,
    "prediction_type": "labels",
    "epoch_size": 41,
    "metrics": {
        "train": {
            "rmse": 0.19063391860047577,
            "mae": 0.10341878235340118,
            "r2": 0.7509395401366454,
            "score": -0.19063391860047577
        },
        "val": {
            "rmse": 0.23817019141396167,
            "mae": 0.12771493196487427,
            "r2": 0.6105752183645736,
            "score": -0.23817019141396167
        },
        "test": {
            "rmse": 0.25130027645166464,
            "mae": 0.13181331753730774,
            "r2": 0.5715229576481515,
            "score": -0.25130027645166464
        }
    },
    "best_step": 5986,
    "time": "0:00:12.631805",
    "chunk_size": null,
    "eval_batch_size": 32768
}
