{
    "function": "bin.nn_baselines.main",
    "gpus": [
        "NVIDIA A100-SXM4-80GB"
    ],
    "config": {
        "seed": 11,
        "patience": 16,
        "n_epochs": -1,
        "batch_size": 1024,
        "model": {
            "num_embeddings": {
                "type": "PeriodicEmbeddings",
                "n_frequencies": 128,
                "d_embedding": 32,
                "frequency_init_scale": 0.05856531810564854,
                "lite": false
            },
            "backbone": {
                "type": "MLP",
                "n_blocks": 1,
                "d_block": 2048,
                "dropout": 0.6228948506452574
            }
        },
        "optimizer": {
            "type": "AdamW",
            "lr": 5.428874197350966e-05,
            "weight_decay": 1.4598810235986199e-06
        },
        "data": {
            "seed": 0,
            "path": ":data/cooking-time",
            "cache": true,
            "split": "default",
            "cat_policy": "ordinal",
            "num_policy": "identity"
        }
    },
    "n_parameters": 13777985,
    "prediction_type": "labels",
    "epoch_size": 222,
    "metrics": {
        "train": {
            "rmse": 0.4476310702926708,
            "mae": 0.34863579273223877,
            "r2": 0.5397422588025369,
            "score": -0.4476310702926708
        },
        "val": {
            "rmse": 0.46382201928528904,
            "mae": 0.3605251610279083,
            "r2": 0.506634852181942,
            "score": -0.46382201928528904
        },
        "test": {
            "rmse": 0.48134139914614366,
            "mae": 0.3757309913635254,
            "r2": 0.4834326194913634,
            "score": -0.48134139914614366
        }
    },
    "best_step": 6882,
    "time": "0:06:42.572569",
    "chunk_size": null,
    "eval_batch_size": 4096
}
