{
    "function": "bin.nn_baselines.main",
    "gpus": [
        "NVIDIA A100-SXM4-80GB"
    ],
    "config": {
        "seed": 4,
        "patience": 16,
        "n_epochs": -1,
        "batch_size": 1024,
        "model": {
            "num_embeddings": {
                "type": "PeriodicEmbeddings",
                "n_frequencies": 128,
                "d_embedding": 32,
                "frequency_init_scale": 0.013530320151288496,
                "lite": false
            },
            "backbone": {
                "type": "MLP",
                "n_blocks": 1,
                "d_block": 2048,
                "dropout": 0.5733983914739703
            }
        },
        "optimizer": {
            "type": "AdamW",
            "lr": 1.457180984613401e-05,
            "weight_decay": 3.0119132997856615e-05
        },
        "data": {
            "seed": 0,
            "path": ":data/delivery-eta",
            "cache": true,
            "split": "random-1",
            "cat_policy": "ordinal",
            "num_policy": "identity"
        }
    },
    "n_parameters": 16339489,
    "prediction_type": "labels",
    "epoch_size": 251,
    "metrics": {
        "train": {
            "rmse": 0.5261823793310031,
            "mae": 0.4092220962047577,
            "r2": 0.48580068650227193,
            "score": -0.5261823793310031
        },
        "val": {
            "rmse": 0.5302390689847234,
            "mae": 0.41309693455696106,
            "r2": 0.4776764076496963,
            "score": -0.5302390689847234
        },
        "test": {
            "rmse": 0.53326709070194,
            "mae": 0.41558709740638733,
            "r2": 0.4707131718765233,
            "score": -0.53326709070194
        }
    },
    "best_step": 23845,
    "time": "0:20:44.721296",
    "chunk_size": null,
    "eval_batch_size": 4096
}
