{
    "function": "bin.ensemble.main",
    "gpus": [
        "NVIDIA A100-SXM4-80GB"
    ],
    "config": {
        "seeds": [
            0,
            1,
            2,
            3,
            4
        ],
        "data": {
            "path": ":data/cooking-time"
        }
    },
    "single_model_function": "bin.tabr.main",
    "prediction_type": "labels",
    "metrics": {
        "train": {
            "rmse": 0.44995625534953093,
            "mae": 0.3509007692337036,
            "r2": 0.5350124361143731,
            "score": -0.44995625534953093
        },
        "val": {
            "rmse": 0.4638081723869621,
            "mae": 0.36054468154907227,
            "r2": 0.5064816294675489,
            "score": -0.4638081723869621
        },
        "test": {
            "rmse": 0.48142726779262374,
            "mae": 0.3760457932949066,
            "r2": 0.4827167787256984,
            "score": -0.48142726779262374
        }
    }
}
