{
    "function": "bin.ensemble.main",
    "gpus": [
        "NVIDIA A100-SXM4-80GB"
    ],
    "config": {
        "seeds": [
            0,
            1,
            2,
            3,
            4
        ],
        "data": {
            "path": ":data/sberbank-housing"
        }
    },
    "single_model_function": "bin.nn_baselines.main",
    "prediction_type": "labels",
    "metrics": {
        "train": {
            "rmse": 0.2549145412062366,
            "mae": 0.1355835497379303,
            "r2": 0.5848518892746892,
            "score": -0.2549145412062366
        },
        "val": {
            "rmse": 0.2466704257365061,
            "mae": 0.1372489482164383,
            "r2": 0.5935703113596009,
            "score": -0.2466704257365061
        },
        "test": {
            "rmse": 0.25708386019019536,
            "mae": 0.16788800060749054,
            "r2": 0.5483633149124199,
            "score": -0.25708386019019536
        }
    }
}
