{
    "function": "bin.ensemble.main",
    "gpus": [
        "NVIDIA A100-SXM4-80GB"
    ],
    "config": {
        "seeds": [
            0,
            1,
            2,
            3,
            4
        ],
        "data": {
            "path": ":data/homecredit-default"
        }
    },
    "single_model_function": "bin.nn_baselines.main",
    "prediction_type": "probs",
    "metrics": {
        "train": {
            "0": {
                "precision": 0.9676221128569146,
                "recall": 0.9997608445603526,
                "f1-score": 0.9834289731116395,
                "support": 175618.0
            },
            "1": {
                "precision": 0.8028169014084507,
                "recall": 0.02828316242143566,
                "f1-score": 0.0546413165042339,
                "support": 6046.0
            },
            "accuracy": 0.9674288796899772,
            "macro avg": {
                "precision": 0.8852195071326827,
                "recall": 0.5140220034908941,
                "f1-score": 0.5190351448079367,
                "support": 181664.0
            },
            "weighted avg": {
                "precision": 0.9621371939493852,
                "recall": 0.9674288796899772,
                "f1-score": 0.9525177844785124,
                "support": 181664.0
            },
            "cross-entropy": 0.10606186842135726,
            "roc-auc": 0.8849969355607548,
            "score": 0.8849969355607548
        },
        "val": {
            "0": {
                "precision": 0.9585428651888804,
                "recall": 0.9968829756077151,
                "f1-score": 0.9773370523811478,
                "support": 47802.0
            },
            "1": {
                "precision": 0.479020979020979,
                "recall": 0.062329390354868064,
                "f1-score": 0.11030595813204509,
                "support": 2198.0
            },
            "accuracy": 0.9558,
            "macro avg": {
                "precision": 0.7187819221049297,
                "recall": 0.5296061829812916,
                "f1-score": 0.5438215052565964,
                "support": 50000.0
            },
            "weighted avg": {
                "precision": 0.9374630830729395,
                "recall": 0.9558,
                "f1-score": 0.9392223654779572,
                "support": 50000.0
            },
            "cross-entropy": 0.14616108057902336,
            "roc-auc": 0.8386875823722202,
            "score": 0.8386875823722202
        },
        "test": {
            "0": {
                "precision": 0.9792096874436136,
                "recall": 0.9985484431541717,
                "f1-score": 0.9887845169649364,
                "support": 48913.0
            },
            "1": {
                "precision": 0.4132231404958678,
                "recall": 0.045998160073597055,
                "f1-score": 0.08278145695364239,
                "support": 1087.0
            },
            "accuracy": 0.97784,
            "macro avg": {
                "precision": 0.6962164139697407,
                "recall": 0.5222733016138844,
                "f1-score": 0.5357829869592894,
                "support": 50000.0
            },
            "weighted avg": {
                "precision": 0.9669051399129696,
                "recall": 0.97784,
                "f1-score": 0.9690880104402909,
                "support": 50000.0
            },
            "cross-entropy": 0.08933985784697496,
            "roc-auc": 0.8510447016952597,
            "score": 0.8510447016952597
        }
    }
}
