{
    "config": {
        "model": {
            "alpha": 1.8256494102809712e-05,
            "power_t": 0.42375609680880755,
            "l1_ratio": 0.954736592220614,
            "penalty": "elasticnet",
            "max_iter": 10000
        },
        "data": {
            "seed": 11,
            "path": ":data/cooking-time"
        }
    },
    "metrics": {
        "val": {
            "score": -0.4708227469250211
        },
        "test": {
            "score": -0.4878048779223619
        }
    },
    "time": 3.4433250427246094
}