{
    "function": "bin.nn_baselines.main",
    "gpus": [
        "NVIDIA A100-SXM4-80GB"
    ],
    "config": {
        "seed": 8,
        "patience": 16,
        "n_epochs": -1,
        "batch_size": 1024,
        "model": {
            "backbone": {
                "type": "MLP",
                "n_blocks": 2,
                "d_block": 128,
                "dropout": 0.13707857301666926
            }
        },
        "optimizer": {
            "type": "AdamW",
            "lr": 5.175770841107558e-05,
            "weight_decay": 0.00040469480007836243
        },
        "data": {
            "seed": 0,
            "path": ":data/delivery-eta",
            "cache": true,
            "split": "random-1",
            "cat_policy": "ordinal",
            "num_policy": "identity"
        }
    },
    "n_parameters": 45441,
    "prediction_type": "labels",
    "epoch_size": 251,
    "metrics": {
        "train": {
            "rmse": 0.5281650787585243,
            "mae": 0.4125310480594635,
            "r2": 0.48191825775960473,
            "score": -0.5281650787585243
        },
        "val": {
            "rmse": 0.5341885023767099,
            "mae": 0.41833066940307617,
            "r2": 0.469866535248753,
            "score": -0.5341885023767099
        },
        "test": {
            "rmse": 0.536526228179173,
            "mae": 0.41997143626213074,
            "r2": 0.4642236825160029,
            "score": -0.536526228179173
        }
    },
    "best_step": 17068,
    "time": "0:01:14.161912",
    "chunk_size": null,
    "eval_batch_size": 32768
}
