{
    "function": "bin.nn_baselines.main",
    "gpus": [
        "NVIDIA A100-SXM4-80GB"
    ],
    "config": {
        "seed": 9,
        "patience": 16,
        "n_epochs": -1,
        "batch_size": 256,
        "model": {
            "backbone": {
                "type": "MLP",
                "n_blocks": 1,
                "d_block": 2048,
                "dropout": 0.7170383398943644
            }
        },
        "optimizer": {
            "type": "AdamW",
            "lr": 3.348573042989059e-05,
            "weight_decay": 1.6244500153904918e-06
        },
        "data": {
            "seed": 0,
            "path": ":data/sberbank-housing",
            "cache": true,
            "split": "sliding-window-0",
            "cat_policy": "ordinal",
            "num_policy": "noisy-quantile"
        }
    },
    "n_parameters": 1116161,
    "prediction_type": "labels",
    "epoch_size": 41,
    "metrics": {
        "train": {
            "rmse": 0.2547792684767388,
            "mae": 0.13356198370456696,
            "r2": 0.6020895920046643,
            "score": -0.2547792684767388
        },
        "val": {
            "rmse": 0.2623073307906841,
            "mae": 0.14243164658546448,
            "r2": 0.5085453084908809,
            "score": -0.2623073307906841
        },
        "test": {
            "rmse": 0.2783754528369141,
            "mae": 0.16964653134346008,
            "r2": 0.46956840228348196,
            "score": -0.2783754528369141
        }
    },
    "best_step": 1804,
    "time": "0:00:11.457898",
    "chunk_size": null,
    "eval_batch_size": 32768
}
