{
    "function": "bin.coral.main",
    "gpus": [
        "NVIDIA A100-SXM4-80GB"
    ],
    "config": {
        "seed": 11,
        "patience": 16,
        "n_epochs": -1,
        "batch_size": 1024,
        "model": {
            "backbone": {
                "type": "MLP",
                "n_blocks": 1,
                "d_block": 128,
                "dropout": 0.4121166653635105
            }
        },
        "optimizer": {
            "type": "AdamW",
            "lr": 0.00023147219699786348,
            "weight_decay": 9.845825417191035e-06
        },
        "data": {
            "seed": 0,
            "path": ":data/cooking-time",
            "cache": true,
            "split": "default",
            "cat_policy": "ordinal",
            "num_policy": "identity"
        }
    },
    "n_parameters": 25985,
    "prediction_type": "labels",
    "epoch_size": 222,
    "metrics": {
        "train": {
            "rmse": 0.4529351626020433,
            "mae": 0.35299280285835266,
            "r2": 0.5287701721900573,
            "score": -0.4529351626020433
        },
        "val": {
            "rmse": 0.4653661981549999,
            "mae": 0.3622640371322632,
            "r2": 0.5033443487673728,
            "score": -0.4653661981549999
        },
        "test": {
            "rmse": 0.48253099080112083,
            "mae": 0.3772851824760437,
            "r2": 0.4808761502432203,
            "score": -0.48253099080112083
        }
    },
    "best_step": 10212,
    "time": "0:13:13.525794",
    "chunk_size": null,
    "eval_batch_size": 32768
}
