{
    "function": "bin.ensemble.main",
    "gpus": [
        "NVIDIA A100-SXM4-80GB"
    ],
    "config": {
        "seeds": [
            5,
            6,
            7,
            8,
            9
        ],
        "data": {
            "path": ":data/delivery-eta"
        }
    },
    "single_model_function": "bin.nn_baselines.main",
    "prediction_type": "labels",
    "metrics": {
        "train": {
            "rmse": 0.5152602205886964,
            "mae": 0.40242254734039307,
            "r2": 0.5023781490412145,
            "score": -0.5152602205886964
        },
        "val": {
            "rmse": 0.5549787106168126,
            "mae": 0.4390409588813782,
            "r2": 0.4191946953347244,
            "score": -0.5549787106168126
        },
        "test": {
            "rmse": 0.5511571264422757,
            "mae": 0.4427131414413452,
            "r2": 0.4339434086376036,
            "score": -0.5511571264422757
        }
    }
}
