{
    "function": "bin.xgboost_.main",
    "gpus": [
        "NVIDIA GeForce RTX 2080 Ti"
    ],
    "config": {
        "seed": 0,
        "model": {
            "booster": "gbtree",
            "n_estimators": 4000,
            "early_stopping_rounds": 3999,
            "n_jobs": 1,
            "tree_method": "hist",
            "device": "cuda",
            "use_label_encoder": false,
            "colsample_bytree": 0.5833104460433639,
            "gamma": 0,
            "lambda": 8.839319828723475,
            "learning_rate": 0.025668612573256283,
            "max_depth": 10,
            "min_child_weight": 0.0021585904391044635,
            "subsample": 0.9339099414979081
        },
        "fit": {
            "verbose": true
        },
        "data": {
            "seed": 0,
            "path": ":data/weather",
            "cache": true,
            "split": "random-0"
        }
    },
    "prediction_type": "labels",
    "time": "0:02:26.158315",
    "best_iteration": 3999,
    "metrics": {
        "train": {
            "rmse": 0.3444446675505394,
            "mae": 0.23256738483905792,
            "r2": 0.9921658838421668,
            "score": -0.3444446675505394
        },
        "val": {
            "rmse": 1.3886343176976645,
            "mae": 1.0087027549743652,
            "r2": 0.8721565625586504,
            "score": -1.3886343176976645
        },
        "test": {
            "rmse": 1.3925960587768575,
            "mae": 1.0158530473709106,
            "r2": 0.8708554021238839,
            "score": -1.3925960587768575
        }
    }
}
