{
    "function": "bin.nn_baselines.main",
    "gpus": [
        "NVIDIA A100-SXM4-80GB"
    ],
    "config": {
        "seed": 14,
        "patience": 16,
        "n_epochs": -1,
        "batch_size": 1024,
        "model": {
            "backbone": {
                "type": "SNN",
                "n_blocks": 4,
                "d_block": 2048,
                "dropout": 0.3727121756057724
            }
        },
        "optimizer": {
            "type": "AdamW",
            "lr": 0.0005541329593332325,
            "weight_decay": 1.814811848376749e-05
        },
        "data": {
            "seed": 0,
            "path": ":data/ecom-offers",
            "cache": true,
            "split": "default",
            "num_policy": "noisy-quantile"
        }
    },
    "n_parameters": 12836865,
    "prediction_type": "logits",
    "epoch_size": 107,
    "metrics": {
        "train": {
            "0": {
                "precision": 0.8219572598809911,
                "recall": 0.8713455850033857,
                "f1-score": 0.8459311712875398,
                "support": 84179.0
            },
            "1": {
                "precision": 0.46130123358535613,
                "recall": 0.3685716556712503,
                "f1-score": 0.40975566650466133,
                "support": 25162.0
            },
            "accuracy": 0.7556451834170165,
            "macro avg": {
                "precision": 0.6416292467331737,
                "recall": 0.619958620337318,
                "f1-score": 0.6278434188961006,
                "support": 109341.0
            },
            "weighted avg": {
                "precision": 0.7389616138410723,
                "recall": 0.7556451834170165,
                "f1-score": 0.7455566726882332,
                "support": 109341.0
            },
            "cross-entropy": 1.00134645325414,
            "roc-auc": 0.6950789513916912,
            "score": 0.6950789513916912
        },
        "val": {
            "0": {
                "precision": 0.717391304347826,
                "recall": 0.7294110065730119,
                "f1-score": 0.723351226993865,
                "support": 15518.0
            },
            "1": {
                "precision": 0.5050100200400801,
                "recall": 0.4899919935948759,
                "f1-score": 0.49738766980146293,
                "support": 8743.0
            },
            "accuracy": 0.6431309509088661,
            "macro avg": {
                "precision": 0.6112006621939531,
                "recall": 0.6097015000839439,
                "f1-score": 0.6103694483976639,
                "support": 24261.0
            },
            "weighted avg": {
                "precision": 0.6408549056543418,
                "recall": 0.6431309509088661,
                "f1-score": 0.6419201491102999,
                "support": 24261.0
            },
            "cross-entropy": 0.9874056630518765,
            "roc-auc": 0.6459914493191224,
            "score": 0.6459914493191224
        },
        "test": {
            "0": {
                "precision": 0.6846621555359419,
                "recall": 0.8251388724737029,
                "f1-score": 0.7483653124665023,
                "support": 16922.0
            },
            "1": {
                "precision": 0.5117967332123412,
                "recall": 0.3253959928668835,
                "f1-score": 0.3978453251250481,
                "support": 9533.0
            },
            "accuracy": 0.6450576450576451,
            "macro avg": {
                "precision": 0.5982294443741416,
                "recall": 0.5752674326702931,
                "f1-score": 0.5731053187957752,
                "support": 26455.0
            },
            "weighted avg": {
                "precision": 0.6223704877600627,
                "recall": 0.6450576450576451,
                "f1-score": 0.622056220070884,
                "support": 26455.0
            },
            "cross-entropy": 1.1246870527928596,
            "roc-auc": 0.5994873424275936,
            "score": 0.5994873424275936
        }
    },
    "best_step": 642,
    "time": "0:00:18.571075",
    "chunk_size": null,
    "eval_batch_size": 32768
}
