{
    "function": "bin.nn_baselines.main",
    "gpus": [
        "NVIDIA A100-SXM4-80GB"
    ],
    "config": {
        "seed": 12,
        "patience": 16,
        "n_epochs": -1,
        "batch_size": 1024,
        "model": {
            "num_embeddings": {
                "type": "PeriodicEmbeddings",
                "n_frequencies": 128,
                "d_embedding": 8,
                "frequency_init_scale": 0.1580906882799081,
                "lite": false
            },
            "backbone": {
                "type": "MLP",
                "n_blocks": 1,
                "d_block": 2048,
                "dropout": 0.7450928456965549
            }
        },
        "optimizer": {
            "type": "AdamW",
            "lr": 0.00028455437906697303,
            "weight_decay": 1.1324288811031189e-06
        },
        "data": {
            "seed": 0,
            "path": ":data/weather",
            "cache": true,
            "split": "random-1",
            "num_policy": "noisy-quantile"
        }
    },
    "n_parameters": 1867041,
    "prediction_type": "labels",
    "epoch_size": 258,
    "metrics": {
        "train": {
            "rmse": 1.165759136673809,
            "mae": 0.8691022992134094,
            "r2": 0.9126104842766943,
            "score": -1.165759136673809
        },
        "val": {
            "rmse": 1.4727710304759625,
            "mae": 1.0732402801513672,
            "r2": 0.8587847558837911,
            "score": -1.4727710304759625
        },
        "test": {
            "rmse": 1.4572751247656923,
            "mae": 1.0721778869628906,
            "r2": 0.8622133994697061,
            "score": -1.4572751247656923
        }
    },
    "best_step": 18576,
    "time": "0:03:16.271658",
    "chunk_size": null,
    "eval_batch_size": 32768
}
