{
    "function": "bin.xgboost_.main",
    "gpus": [
        "NVIDIA A100-SXM4-80GB"
    ],
    "config": {
        "seed": 4,
        "model": {
            "booster": "gbtree",
            "n_estimators": 4000,
            "early_stopping_rounds": 3999,
            "n_jobs": 1,
            "tree_method": "hist",
            "device": "cuda",
            "use_label_encoder": false,
            "colsample_bytree": 0.5688231408705148,
            "gamma": 0,
            "lambda": 0.0,
            "learning_rate": 0.007854114173135678,
            "max_depth": 9,
            "min_child_weight": 91.79811509607913,
            "subsample": 0.88719249089806
        },
        "fit": {
            "verbose": true
        },
        "data": {
            "seed": 0,
            "path": ":data/delivery-eta",
            "cache": true,
            "split": "sliding-window-0",
            "cat_policy": "ordinal"
        }
    },
    "prediction_type": "labels",
    "time": "0:01:16.664061",
    "best_iteration": 3212,
    "metrics": {
        "train": {
            "rmse": 0.4292277737819097,
            "mae": 0.3329039216041565,
            "r2": 0.6531195849559083,
            "score": -0.4292277737819097
        },
        "val": {
            "rmse": 0.5605588905030272,
            "mae": 0.4465143084526062,
            "r2": 0.40884831001338673,
            "score": -0.5605588905030272
        },
        "test": {
            "rmse": 0.552123200278688,
            "mae": 0.43532559275627136,
            "r2": 0.4340637909323919,
            "score": -0.552123200278688
        }
    }
}
