{
    "function": null,
    "config": {
        "data": {
            "seed": 14,
            "path": ":data/cooking-time"
        }
    },
    "metrics": {
        "val": {
            "score": -0.4650202355076694
        },
        "test": {
            "score": -0.4817221487603046
        }
    },
    "time": 22.94811725616455
}