{
    "function": "bin.nn_baselines.main",
    "gpus": [
        "NVIDIA A100-SXM4-80GB"
    ],
    "config": {
        "seed": 14,
        "patience": 16,
        "n_epochs": -1,
        "batch_size": 256,
        "model": {
            "num_embeddings": {
                "type": "PeriodicEmbeddings",
                "n_frequencies": 32,
                "d_embedding": 8,
                "frequency_init_scale": 0.022209511553631447,
                "lite": false
            },
            "backbone": {
                "type": "MLP",
                "n_blocks": 1,
                "d_block": 2048,
                "dropout": 0.07616402471892321
            }
        },
        "optimizer": {
            "type": "AdamW",
            "lr": 0.0005709696818059449,
            "weight_decay": 1.67739552176556e-05
        },
        "data": {
            "seed": 0,
            "path": ":data/sberbank-housing",
            "cache": true,
            "split": "sliding-window-1",
            "cat_policy": "ordinal",
            "num_policy": "noisy-quantile"
        }
    },
    "n_parameters": 6550281,
    "prediction_type": "labels",
    "epoch_size": 41,
    "metrics": {
        "train": {
            "rmse": 0.21688721467120775,
            "mae": 0.11654458940029144,
            "r2": 0.6829451240380608,
            "score": -0.21688721467120775
        },
        "val": {
            "rmse": 0.2588599773627239,
            "mae": 0.14763213694095612,
            "r2": 0.5413331158773049,
            "score": -0.2588599773627239
        },
        "test": {
            "rmse": 0.2472663448498027,
            "mae": 0.14986653625965118,
            "r2": 0.5946777658063914,
            "score": -0.2472663448498027
        }
    },
    "best_step": 779,
    "time": "0:00:08.817098",
    "chunk_size": null,
    "eval_batch_size": 32768
}
