{
    "function": "bin.nn_baselines.main",
    "gpus": [
        "NVIDIA A100-SXM4-80GB"
    ],
    "config": {
        "seed": 1,
        "patience": 16,
        "n_epochs": -1,
        "batch_size": 1024,
        "model": {
            "backbone": {
                "type": "MLP",
                "n_blocks": 1,
                "d_block": 2048,
                "dropout": 0.7444872069263258
            }
        },
        "optimizer": {
            "type": "AdamW",
            "lr": 1.0674180809519393e-05,
            "weight_decay": 1.829494547326385e-06
        },
        "data": {
            "seed": 0,
            "path": ":data/maps-routing",
            "cache": true,
            "split": "random-1",
            "cat_policy": "ordinal",
            "num_policy": "identity"
        }
    },
    "n_parameters": 2052097,
    "prediction_type": "labels",
    "epoch_size": 99,
    "metrics": {
        "train": {
            "rmse": 0.15194807264857363,
            "mae": 0.1152554303407669,
            "r2": 0.8374992542141089,
            "score": -0.15194807264857363
        },
        "val": {
            "rmse": 0.16199276073382904,
            "mae": 0.1224287748336792,
            "r2": 0.8147169744342864,
            "score": -0.16199276073382904
        },
        "test": {
            "rmse": 0.16202945347730802,
            "mae": 0.12275584042072296,
            "r2": 0.8147656552166018,
            "score": -0.16202945347730802
        }
    },
    "best_step": 16335,
    "time": "0:00:39.284603",
    "chunk_size": null,
    "eval_batch_size": 32768
}
