{
    "function": "bin.tabr.main",
    "gpus": [
        "NVIDIA A100-SXM4-80GB"
    ],
    "config": {
        "seed": 13,
        "patience": 16,
        "n_epochs": -1,
        "causal": true,
        "batch_size": 1024,
        "context_size": 96,
        "model": {
            "d_main": 128,
            "context_dropout": 0.5107174749212559,
            "d_multiplier": 2.0,
            "encoder_n_blocks": 0,
            "predictor_n_blocks": 1,
            "mixer_normalization": "auto",
            "dropout0": 0.5044892059823758,
            "dropout1": 0.0,
            "normalization": "LayerNorm",
            "activation": "ReLU"
        },
        "optimizer": {
            "type": "AdamW",
            "lr": 5.73605507046113e-05,
            "weight_decay": 5.979008768608573e-05
        },
        "data": {
            "seed": 0,
            "path": ":data/cooking-time",
            "cache": true,
            "split": "default",
            "cat_policy": "ordinal",
            "num_policy": "identity"
        }
    },
    "n_parameters": 174977,
    "prediction_type": "labels",
    "epoch_size": 222,
    "metrics": {
        "train": {
            "rmse": 0.4442196201204573,
            "mae": 0.3450053334236145,
            "r2": 0.5467309399680105,
            "score": -0.4442196201204573
        },
        "val": {
            "rmse": 0.46443757976828526,
            "mae": 0.3616597056388855,
            "r2": 0.5053244256883331,
            "score": -0.46443757976828526
        },
        "test": {
            "rmse": 0.48201014443165197,
            "mae": 0.37659603357315063,
            "r2": 0.4819962358367702,
            "score": -0.48201014443165197
        }
    },
    "best_step": 8436,
    "time": "0:08:01.075249",
    "chunk_size": null,
    "eval_batch_size": 32768
}
