{
    "function": "bin.ensemble.main",
    "gpus": [
        "NVIDIA A100-SXM4-80GB"
    ],
    "config": {
        "seeds": [
            5,
            6,
            7,
            8,
            9
        ],
        "data": {
            "path": ":data/homesite-insurance"
        }
    },
    "single_model_function": "bin.tabr.main",
    "prediction_type": "probs",
    "metrics": {
        "train": {
            "0": {
                "precision": 0.9419504317169457,
                "recall": 0.9807991383242385,
                "f1-score": 0.9609823204925602,
                "support": 181971.0
            },
            "1": {
                "precision": 0.8997244862817128,
                "recall": 0.740277220241328,
                "f1-score": 0.8122498153977692,
                "support": 42349.0
            },
            "accuracy": 0.9353914051355207,
            "macro avg": {
                "precision": 0.9208374589993292,
                "recall": 0.8605381792827833,
                "f1-score": 0.8866160679451647,
                "support": 224320.0
            },
            "weighted avg": {
                "precision": 0.9339786656540147,
                "recall": 0.9353914051355207,
                "f1-score": 0.9329033580359835,
                "support": 224320.0
            },
            "cross-entropy": 0.15187761737275168,
            "roc-auc": 0.9732266285411557,
            "score": 0.9732266285411557
        },
        "val": {
            "0": {
                "precision": 0.9277643487548485,
                "recall": 0.9858431395973957,
                "f1-score": 0.9559223863307269,
                "support": 16741.0
            },
            "1": {
                "precision": 0.8991060025542784,
                "recall": 0.6217250515160435,
                "f1-score": 0.7351200835363731,
                "support": 3397.0
            },
            "accuracy": 0.9244214917072202,
            "macro avg": {
                "precision": 0.9134351756545634,
                "recall": 0.8037840955567196,
                "f1-score": 0.84552123493355,
                "support": 20138.0
            },
            "weighted avg": {
                "precision": 0.9229300850720926,
                "recall": 0.9244214917072202,
                "f1-score": 0.9186761144768973,
                "support": 20138.0
            },
            "cross-entropy": 0.18118600598986515,
            "roc-auc": 0.9553559742916623,
            "score": 0.9553559742916623
        },
        "test": {
            "0": {
                "precision": 0.9189399844115355,
                "recall": 0.986460789533734,
                "f1-score": 0.9515040352164343,
                "support": 13147.0
            },
            "1": {
                "precision": 0.918423464711274,
                "recall": 0.636594663278272,
                "f1-score": 0.751969981238274,
                "support": 3148.0
            },
            "accuracy": 0.9188708192697146,
            "macro avg": {
                "precision": 0.9186817245614047,
                "recall": 0.811527726406003,
                "f1-score": 0.8517370082273541,
                "support": 16295.0
            },
            "weighted avg": {
                "precision": 0.9188401989548665,
                "recall": 0.9188708192697146,
                "f1-score": 0.9129564315390334,
                "support": 16295.0
            },
            "cross-entropy": 0.19133806763648878,
            "roc-auc": 0.9566575838898801,
            "score": 0.9566575838898801
        }
    }
}
