{
    "function": "bin.lightgbm_.main",
    "gpus": [
        "NVIDIA A100-SXM4-80GB"
    ],
    "config": {
        "seed": 6,
        "model": {
            "n_estimators": 4000,
            "stopping_rounds": 3999,
            "device_type": "gpu",
            "verbose": 2,
            "n_jobs": 4,
            "feature_fraction": 0.5003098774590061,
            "lambda_l2": 0.0,
            "learning_rate": 0.005692025617334992,
            "num_leaves": 221,
            "min_sum_hessian_in_leaf": 49.45973705291668,
            "bagging_fraction": 0.8906888012501057
        },
        "fit": {},
        "data": {
            "seed": 0,
            "path": ":data/maps-routing",
            "cache": true,
            "split": "default",
            "cat_policy": "ordinal"
        }
    },
    "prediction_type": "labels",
    "time": "0:11:23.155985",
    "best_iteration": 0,
    "metrics": {
        "train": {
            "rmse": 0.10197913154318011,
            "mae": 0.07841151648951193,
            "r2": 0.926863441799681,
            "score": -0.10197913154318011
        },
        "val": {
            "rmse": 0.16197775635292178,
            "mae": 0.12166133693403393,
            "r2": 0.8144325254714642,
            "score": -0.16197775635292178
        },
        "test": {
            "rmse": 0.16179578017151855,
            "mae": 0.1218441749614597,
            "r2": 0.8124908876974728,
            "score": -0.16179578017151855
        }
    }
}
