{
    "function": "bin.catboost_.main",
    "gpus": [
        "NVIDIA GeForce RTX 2080 Ti",
        "NVIDIA GeForce RTX 2080 Ti"
    ],
    "config": {
        "seed": 4,
        "model": {
            "iterations": 4000,
            "early_stopping_rounds": 3999,
            "od_pval": 0.001,
            "bagging_temperature": 0.4184425811874601,
            "depth": 6,
            "l2_leaf_reg": 4.316244695955154,
            "leaf_estimation_iterations": 1,
            "learning_rate": 0.02862422217834322,
            "task_type": "CPU",
            "thread_count": 4
        },
        "fit": {
            "logging_level": "Verbose"
        },
        "data": {
            "seed": 0,
            "path": ":data/sberbank-housing",
            "cache": true,
            "split": "default",
            "cat_policy": "ordinal"
        }
    },
    "prediction_type": "labels",
    "time": "0:02:46.313288",
    "best_iteration": 1165,
    "metrics": {
        "train": {
            "rmse": 0.2237871371071446,
            "mae": 0.1169869125549281,
            "r2": 0.6800485534954805,
            "score": -0.2237871371071446
        },
        "val": {
            "rmse": 0.23508062901281013,
            "mae": 0.1314397422770901,
            "r2": 0.6308652311703065,
            "score": -0.23508062901281013
        },
        "test": {
            "rmse": 0.24594527622432455,
            "mae": 0.1665294833681095,
            "r2": 0.5866513172801566,
            "score": -0.24594527622432455
        }
    }
}
