{
    "function": "bin.catboost_.main",
    "gpus": [
        "NVIDIA GeForce RTX 2080 Ti",
        "NVIDIA GeForce RTX 2080 Ti"
    ],
    "config": {
        "seed": 4,
        "model": {
            "iterations": 4000,
            "early_stopping_rounds": 3999,
            "od_pval": 0.001,
            "bagging_temperature": 0.3110699487549791,
            "depth": 7,
            "l2_leaf_reg": 9.511495661368633,
            "leaf_estimation_iterations": 7,
            "learning_rate": 0.028800235043744016,
            "task_type": "CPU",
            "thread_count": 4
        },
        "fit": {
            "logging_level": "Verbose"
        },
        "data": {
            "seed": 0,
            "path": ":data/homecredit-default",
            "cache": true,
            "split": "default",
            "cat_policy": "ordinal"
        }
    },
    "prediction_type": "probs",
    "time": "1:28:54.490959",
    "best_iteration": 3612,
    "metrics": {
        "train": {
            "0": {
                "precision": 0.9725859968131971,
                "recall": 0.9999961451579329,
                "f1-score": 0.9861006312020207,
                "support": 259414.0
            },
            "1": {
                "precision": 0.9989130434782608,
                "recall": 0.11165107520349897,
                "f1-score": 0.20085236586165447,
                "support": 8231.0
            },
            "accuracy": 0.9726764931158811,
            "macro avg": {
                "precision": 0.9857495201457289,
                "recall": 0.5558236101807159,
                "f1-score": 0.5934764985318376,
                "support": 267645.0
            },
            "weighted avg": {
                "precision": 0.9733956436255797,
                "recall": 0.9726764931158811,
                "f1-score": 0.9619515588411824,
                "support": 267645.0
            },
            "cross-entropy": 0.08980869272872417,
            "roc-auc": 0.9074287749411103,
            "score": 0.9074287749411103
        },
        "val": {
            "0": {
                "precision": 0.956236512731981,
                "recall": 0.9992603416860601,
                "f1-score": 0.9772751332086523,
                "support": 55431.0
            },
            "1": {
                "precision": 0.5591397849462365,
                "recall": 0.020100502512562814,
                "f1-score": 0.03880597014925373,
                "support": 2587.0
            },
            "accuracy": 0.9555999862111758,
            "macro avg": {
                "precision": 0.7576881488391087,
                "recall": 0.5096804220993115,
                "f1-score": 0.508040551678953,
                "support": 58018.0
            },
            "weighted avg": {
                "precision": 0.938530124459691,
                "recall": 0.9555999862111758,
                "f1-score": 0.9354291591172555,
                "support": 58018.0
            },
            "cross-entropy": 0.1464549858638445,
            "roc-auc": 0.8380016353835769,
            "score": 0.8380016353835769
        },
        "test": {
            "0": {
                "precision": 0.97879113018598,
                "recall": 0.9993062148543052,
                "f1-score": 0.9889422903190835,
                "support": 54772.0
            },
            "1": {
                "precision": 0.5308641975308642,
                "recall": 0.03498779495524817,
                "f1-score": 0.06564885496183206,
                "support": 1229.0
            },
            "accuracy": 0.97814324744201,
            "macro avg": {
                "precision": 0.7548276638584221,
                "recall": 0.5171470049047766,
                "f1-score": 0.5272955726404578,
                "support": 56001.0
            },
            "weighted avg": {
                "precision": 0.9689609092929042,
                "recall": 0.97814324744201,
                "f1-score": 0.9686796587222537,
                "support": 56001.0
            },
            "cross-entropy": 0.08708283547135584,
            "roc-auc": 0.8622118812882542,
            "score": 0.8622118812882542
        }
    }
}
