{
    "function": "bin.nn_baselines.main",
    "gpus": [
        "NVIDIA A100-SXM4-80GB"
    ],
    "config": {
        "seed": 0,
        "patience": 16,
        "n_epochs": -1,
        "batch_size": 1024,
        "model": {
            "num_embeddings": {
                "type": "PeriodicEmbeddings",
                "n_frequencies": 64,
                "d_embedding": 8,
                "frequency_init_scale": 0.027013256462613527,
                "lite": false
            },
            "backbone": {
                "type": "MLP",
                "n_blocks": 1,
                "d_block": 2048,
                "dropout": 0.7460205889960756
            }
        },
        "optimizer": {
            "type": "AdamW",
            "lr": 4.9897861005510744e-05,
            "weight_decay": 0.0003163076808781185
        },
        "data": {
            "seed": 0,
            "path": ":data/delivery-eta",
            "cache": true,
            "split": "random-0",
            "cat_policy": "ordinal",
            "num_policy": "identity"
        }
    },
    "n_parameters": 3873321,
    "prediction_type": "labels",
    "epoch_size": 251,
    "metrics": {
        "train": {
            "rmse": 0.5213686925469492,
            "mae": 0.40594056248664856,
            "r2": 0.4946736115046988,
            "score": -0.5213686925469492
        },
        "val": {
            "rmse": 0.5282795832195011,
            "mae": 0.4124230444431305,
            "r2": 0.48105787672454636,
            "score": -0.5282795832195011
        },
        "test": {
            "rmse": 0.5301281640449265,
            "mae": 0.41409632563591003,
            "r2": 0.4770716834199169,
            "score": -0.5301281640449265
        }
    },
    "best_step": 14809,
    "time": "0:03:24.130194",
    "chunk_size": null,
    "eval_batch_size": 32768
}
