{
    "function": "bin.ensemble.main",
    "gpus": [
        "NVIDIA A100-SXM4-80GB"
    ],
    "config": {
        "seeds": [
            0,
            1,
            2,
            3,
            4
        ],
        "data": {
            "path": ":data/maps-routing"
        }
    },
    "single_model_function": "bin.lightgbm_.main",
    "prediction_type": "labels",
    "metrics": {
        "train": {
            "rmse": 0.10185460169552987,
            "mae": 0.07833181425973709,
            "r2": 0.927041951333467,
            "score": -0.10185460169552987
        },
        "val": {
            "rmse": 0.16181129519124557,
            "mae": 0.12153888373572663,
            "r2": 0.814813737135146,
            "score": -0.16181129519124557
        },
        "test": {
            "rmse": 0.16165787884097846,
            "mae": 0.12172868821706664,
            "r2": 0.8128103859753888,
            "score": -0.16165787884097846
        }
    }
}
