{
    "function": "bin.xgboost_.main",
    "gpus": [
        "NVIDIA A100-SXM4-80GB"
    ],
    "config": {
        "seed": 1,
        "model": {
            "booster": "gbtree",
            "n_estimators": 4000,
            "early_stopping_rounds": 3999,
            "n_jobs": 1,
            "tree_method": "hist",
            "device": "cuda",
            "use_label_encoder": false,
            "colsample_bytree": 0.6278170273138898,
            "gamma": 0,
            "lambda": 1.100177812848056,
            "learning_rate": 0.027592083711965296,
            "max_depth": 7,
            "min_child_weight": 12.990619294311125,
            "subsample": 0.6122107323401133
        },
        "fit": {
            "verbose": true
        },
        "data": {
            "seed": 0,
            "path": ":data/ecom-offers",
            "cache": true,
            "split": "random-1"
        }
    },
    "prediction_type": "probs",
    "time": "0:00:18.845775",
    "best_iteration": 176,
    "metrics": {
        "train": {
            "0": {
                "precision": 0.7635063277677338,
                "recall": 0.9781827471685259,
                "f1-score": 0.8576142871008444,
                "support": 58715.0
            },
            "1": {
                "precision": 0.7349472377405338,
                "recall": 0.1664323868428451,
                "f1-score": 0.27140401146131804,
                "support": 21342.0
            },
            "accuracy": 0.7617822301610103,
            "macro avg": {
                "precision": 0.7492267827541338,
                "recall": 0.5723075670056855,
                "f1-score": 0.5645091492810812,
                "support": 80057.0
            },
            "weighted avg": {
                "precision": 0.7558929010922337,
                "recall": 0.7617822301610103,
                "f1-score": 0.7013393866836569,
                "support": 80057.0
            },
            "cross-entropy": 0.5130462457017775,
            "roc-auc": 0.721513470325762,
            "score": 0.721513470325762
        },
        "val": {
            "0": {
                "precision": 0.7660232483736803,
                "recall": 0.971003717472119,
                "f1-score": 0.8564189692688307,
                "support": 14795.0
            },
            "1": {
                "precision": 0.6556982343499197,
                "recall": 0.1569644572526417,
                "f1-score": 0.2532940629359789,
                "support": 5205.0
            },
            "accuracy": 0.75915,
            "macro avg": {
                "precision": 0.7108607413618,
                "recall": 0.5639840873623804,
                "f1-score": 0.5548565161024048,
                "support": 20000.0
            },
            "weighted avg": {
                "precision": 0.7373111634739966,
                "recall": 0.75915,
                "f1-score": 0.699455712395706,
                "support": 20000.0
            },
            "cross-entropy": 0.5207007812606483,
            "roc-auc": 0.7001496533313595,
            "score": 0.7001496533313595
        },
        "test": {
            "0": {
                "precision": 0.7631033933407679,
                "recall": 0.9748321009429483,
                "f1-score": 0.8560705349696175,
                "support": 14741.0
            },
            "1": {
                "precision": 0.6826347305389222,
                "recall": 0.1517398745008557,
                "f1-score": 0.24828873677660238,
                "support": 5259.0
            },
            "accuracy": 0.7584,
            "macro avg": {
                "precision": 0.722869061939845,
                "recall": 0.563285987721902,
                "f1-score": 0.5521796358731099,
                "support": 20000.0
            },
            "weighted avg": {
                "precision": 0.7419441584570226,
                "recall": 0.7584,
                "f1-score": 0.6962543111347641,
                "support": 20000.0
            },
            "cross-entropy": 0.5253488189698658,
            "roc-auc": 0.6876571301449574,
            "score": 0.6876571301449574
        }
    }
}
