{
    "function": "bin.tabr.main",
    "gpus": [
        "NVIDIA A100-SXM4-80GB"
    ],
    "config": {
        "seed": 10,
        "patience": 16,
        "n_epochs": -1,
        "causal": false,
        "batch_size": 1024,
        "context_size": 96,
        "model": {
            "d_main": 256,
            "context_dropout": 0.4957544220454839,
            "d_multiplier": 2.0,
            "encoder_n_blocks": 0,
            "predictor_n_blocks": 1,
            "mixer_normalization": "auto",
            "dropout0": 0.08346472820459781,
            "dropout1": 0.0,
            "normalization": "LayerNorm",
            "activation": "ReLU"
        },
        "optimizer": {
            "type": "AdamW",
            "lr": 0.00012149877568065094,
            "weight_decay": 1.1893538705199909e-05
        },
        "data": {
            "seed": 0,
            "path": ":data/weather",
            "cache": true,
            "split": "sliding-window-1",
            "num_policy": "noisy-quantile"
        }
    },
    "n_parameters": 619777,
    "prediction_type": "labels",
    "epoch_size": 258,
    "metrics": {
        "train": {
            "rmse": 1.327088164475938,
            "mae": 0.9630804061889648,
            "r2": 0.8828733663233663,
            "score": -1.327088164475938
        },
        "val": {
            "rmse": 1.5762117326464113,
            "mae": 1.1284140348434448,
            "r2": 0.8431531415591866,
            "score": -1.5762117326464113
        },
        "test": {
            "rmse": 1.6250671959702025,
            "mae": 1.1783591508865356,
            "r2": 0.8330406769356286,
            "score": -1.6250671959702025
        }
    },
    "best_step": 4128,
    "time": "0:06:41.434380",
    "chunk_size": null,
    "eval_batch_size": 32768
}
