{
    "config": {
        "model": {
            "alpha": 1.8256494102809712e-05,
            "power_t": 0.42375609680880755,
            "l1_ratio": 0.954736592220614,
            "penalty": "elasticnet",
            "max_iter": 10000
        },
        "data": {
            "seed": 10,
            "path": ":data/cooking-time"
        }
    },
    "metrics": {
        "val": {
            "score": -0.47086377180529193
        },
        "test": {
            "score": -0.4881879941931493
        }
    },
    "time": 3.331190347671509
}