{
    "function": "bin.xgboost_.main",
    "gpus": [
        "NVIDIA A100-SXM4-80GB"
    ],
    "config": {
        "seed": 4,
        "model": {
            "booster": "gbtree",
            "n_estimators": 4000,
            "early_stopping_rounds": 3999,
            "n_jobs": 1,
            "tree_method": "hist",
            "device": "cuda",
            "use_label_encoder": false,
            "colsample_bytree": 0.6543861246296855,
            "gamma": 0,
            "lambda": 0.0,
            "learning_rate": 0.004213049918495226,
            "max_depth": 11,
            "min_child_weight": 40.90538656298625,
            "subsample": 0.6124204478368811
        },
        "fit": {
            "verbose": true
        },
        "data": {
            "seed": 0,
            "path": ":data/homecredit-default",
            "cache": true,
            "split": "default",
            "cat_policy": "ordinal"
        }
    },
    "prediction_type": "probs",
    "time": "0:03:45.709511",
    "best_iteration": 3992,
    "metrics": {
        "train": {
            "0": {
                "precision": 0.9708022094816101,
                "recall": 0.9999845806317316,
                "f1-score": 0.98517733647788,
                "support": 259414.0
            },
            "1": {
                "precision": 0.9907621247113164,
                "recall": 0.05212003401773782,
                "f1-score": 0.09903047091412742,
                "support": 8231.0
            },
            "accuracy": 0.9708345009247323,
            "macro avg": {
                "precision": 0.9807821670964633,
                "recall": 0.5260523073247347,
                "f1-score": 0.5421039036960037,
                "support": 267645.0
            },
            "weighted avg": {
                "precision": 0.9714160452052579,
                "recall": 0.9708345009247323,
                "f1-score": 0.9579252867461262,
                "support": 267645.0
            },
            "cross-entropy": 0.08278626125794158,
            "roc-auc": 0.9457250376119203,
            "score": 0.9457250376119203
        },
        "val": {
            "0": {
                "precision": 0.9560168409428167,
                "recall": 0.9995309483862821,
                "f1-score": 0.9772897649600917,
                "support": 55431.0
            },
            "1": {
                "precision": 0.59375,
                "recall": 0.014688828759180518,
                "f1-score": 0.028668427008675973,
                "support": 2587.0
            },
            "accuracy": 0.9556172222413734,
            "macro avg": {
                "precision": 0.7748834204714083,
                "recall": 0.5071098885727313,
                "f1-score": 0.5029790959843838,
                "support": 58018.0
            },
            "weighted avg": {
                "precision": 0.9398635037454113,
                "recall": 0.9556172222413734,
                "f1-score": 0.9349911093483795,
                "support": 58018.0
            },
            "cross-entropy": 0.14442241967526992,
            "roc-auc": 0.8458444702756863,
            "score": 0.8458444702756863
        },
        "test": {
            "0": {
                "precision": 0.978412380714107,
                "recall": 0.9995983349156503,
                "f1-score": 0.9888918992143051,
                "support": 54772.0
            },
            "1": {
                "precision": 0.4883720930232558,
                "recall": 0.01708706265256306,
                "f1-score": 0.0330188679245283,
                "support": 1229.0
            },
            "accuracy": 0.9780361064980982,
            "macro avg": {
                "precision": 0.7333922368686814,
                "recall": 0.5083426987841067,
                "f1-score": 0.5109553835694167,
                "support": 56001.0
            },
            "weighted avg": {
                "precision": 0.9676579385867867,
                "recall": 0.9780361064980982,
                "f1-score": 0.9679142746101884,
                "support": 56001.0
            },
            "cross-entropy": 0.08471187699599937,
            "roc-auc": 0.8663158160729854,
            "score": 0.8663158160729854
        }
    }
}
