{
    "function": "bin.xgboost_.main",
    "gpus": [
        "NVIDIA A100-SXM4-80GB"
    ],
    "config": {
        "seed": 2,
        "model": {
            "booster": "gbtree",
            "n_estimators": 4000,
            "early_stopping_rounds": 3999,
            "n_jobs": 1,
            "tree_method": "hist",
            "device": "cuda",
            "use_label_encoder": false,
            "colsample_bytree": 0.7929555417747155,
            "gamma": 2.885538094072433,
            "lambda": 0.0,
            "learning_rate": 0.0026806911150241597,
            "max_depth": 10,
            "min_child_weight": 75.8638333941561,
            "subsample": 0.9958354409682673
        },
        "fit": {
            "verbose": true
        },
        "data": {
            "seed": 0,
            "path": ":data/ecom-offers",
            "cache": true,
            "split": "random-0"
        }
    },
    "prediction_type": "probs",
    "time": "0:00:14.897643",
    "best_iteration": 2676,
    "metrics": {
        "train": {
            "0": {
                "precision": 0.7876237623762377,
                "recall": 0.9701859054650933,
                "f1-score": 0.869424587936433,
                "support": 60676.0
            },
            "1": {
                "precision": 0.6597705473011096,
                "recall": 0.1810020122800681,
                "f1-score": 0.2840715847437039,
                "support": 19381.0
            },
            "accuracy": 0.7791323681876663,
            "macro avg": {
                "precision": 0.7236971548386737,
                "recall": 0.5755939588725807,
                "f1-score": 0.5767480863400685,
                "support": 80057.0
            },
            "weighted avg": {
                "precision": 0.7566717761492862,
                "recall": 0.7791323681876663,
                "f1-score": 0.7277164730323236,
                "support": 80057.0
            },
            "cross-entropy": 0.48361716638130064,
            "roc-auc": 0.7356145586446364,
            "score": 0.7356145586446364
        },
        "val": {
            "0": {
                "precision": 0.7867544705000535,
                "recall": 0.9678587894355529,
                "f1-score": 0.8679601901893034,
                "support": 15183.0
            },
            "1": {
                "precision": 0.6308623298033282,
                "recall": 0.1731368071413743,
                "f1-score": 0.27170548949340284,
                "support": 4817.0
            },
            "accuracy": 0.77645,
            "macro avg": {
                "precision": 0.7088084001516909,
                "recall": 0.5704977982884636,
                "f1-score": 0.5698328398413531,
                "support": 20000.0
            },
            "weighted avg": {
                "precision": 0.7492078484132473,
                "recall": 0.77645,
                "f1-score": 0.7243522455266957,
                "support": 20000.0
            },
            "cross-entropy": 0.4933801249745189,
            "roc-auc": 0.7167994382450101,
            "score": 0.7167994382450101
        },
        "test": {
            "0": {
                "precision": 0.7816780821917808,
                "recall": 0.9655628263599709,
                "f1-score": 0.8639441700919656,
                "support": 15129.0
            },
            "1": {
                "precision": 0.6028963414634146,
                "recall": 0.1623896530486553,
                "f1-score": 0.2558628497493126,
                "support": 4871.0
            },
            "accuracy": 0.76995,
            "macro avg": {
                "precision": 0.6922872118275978,
                "recall": 0.5639762397043131,
                "f1-score": 0.5599035099206391,
                "support": 20000.0
            },
            "weighted avg": {
                "precision": 0.7381357892373871,
                "recall": 0.76995,
                "f1-score": 0.7158459645225125,
                "support": 20000.0
            },
            "cross-entropy": 0.4986885997074032,
            "roc-auc": 0.7115697562381434,
            "score": 0.7115697562381434
        }
    }
}
