{
    "function": "bin.xgboost_.main",
    "gpus": [
        "NVIDIA A100-SXM4-80GB"
    ],
    "config": {
        "seed": 9,
        "model": {
            "booster": "gbtree",
            "n_estimators": 4000,
            "early_stopping_rounds": 3999,
            "n_jobs": 1,
            "tree_method": "hist",
            "device": "cuda",
            "use_label_encoder": false,
            "colsample_bytree": 0.5833104460433639,
            "gamma": 0,
            "lambda": 8.839319828723475,
            "learning_rate": 0.025668612573256283,
            "max_depth": 10,
            "min_child_weight": 0.0021585904391044635,
            "subsample": 0.9339099414979081
        },
        "fit": {
            "verbose": true
        },
        "data": {
            "seed": 0,
            "path": ":data/weather",
            "cache": true,
            "split": "random-0"
        }
    },
    "prediction_type": "labels",
    "time": "0:01:48.355388",
    "best_iteration": 3998,
    "metrics": {
        "train": {
            "rmse": 0.34344724847844027,
            "mae": 0.23190031945705414,
            "r2": 0.9922111890732834,
            "score": -0.34344724847844027
        },
        "val": {
            "rmse": 1.3932563660245358,
            "mae": 1.011725664138794,
            "r2": 0.8713040961318532,
            "score": -1.3932563660245358
        },
        "test": {
            "rmse": 1.3916430229569388,
            "mae": 1.015613317489624,
            "r2": 0.8710320979117623,
            "score": -1.3916430229569388
        }
    }
}
