{
    "function": "bin.nn_baselines.main",
    "gpus": [
        "NVIDIA A100-SXM4-80GB"
    ],
    "config": {
        "seed": 12,
        "patience": 16,
        "n_epochs": -1,
        "batch_size": 1024,
        "model": {
            "num_embeddings": {
                "type": "PeriodicEmbeddings",
                "n_frequencies": 128,
                "d_embedding": 32,
                "frequency_init_scale": 0.013530320151288496,
                "lite": false
            },
            "backbone": {
                "type": "MLP",
                "n_blocks": 1,
                "d_block": 2048,
                "dropout": 0.5733983914739703
            }
        },
        "optimizer": {
            "type": "AdamW",
            "lr": 1.457180984613401e-05,
            "weight_decay": 3.0119132997856615e-05
        },
        "data": {
            "seed": 0,
            "path": ":data/delivery-eta",
            "cache": true,
            "split": "random-1",
            "cat_policy": "ordinal",
            "num_policy": "identity"
        }
    },
    "n_parameters": 16339489,
    "prediction_type": "labels",
    "epoch_size": 251,
    "metrics": {
        "train": {
            "rmse": 0.5270692181362053,
            "mae": 0.41050639748573303,
            "r2": 0.4840658799759813,
            "score": -0.5270692181362053
        },
        "val": {
            "rmse": 0.5305832156476828,
            "mae": 0.4139613211154938,
            "r2": 0.4769982001250389,
            "score": -0.5305832156476828
        },
        "test": {
            "rmse": 0.5331809909124993,
            "mae": 0.41609686613082886,
            "r2": 0.47088399364318356,
            "score": -0.5331809909124993
        }
    },
    "best_step": 23092,
    "time": "0:20:15.532291",
    "chunk_size": null,
    "eval_batch_size": 4096
}
