{
    "function": "bin.nn_baselines.main",
    "gpus": [
        "NVIDIA A100-SXM4-80GB"
    ],
    "config": {
        "seed": 14,
        "patience": 16,
        "n_epochs": -1,
        "batch_size": 1024,
        "model": {
            "backbone": {
                "type": "SNN",
                "n_blocks": 14,
                "d_block": 2048,
                "dropout": 0.0
            }
        },
        "optimizer": {
            "type": "AdamW",
            "lr": 0.0008182177535058711,
            "weight_decay": 2.8328986258333598e-05
        },
        "data": {
            "seed": 0,
            "path": ":data/delivery-eta",
            "cache": true,
            "split": "default",
            "cat_policy": "ordinal",
            "num_policy": "identity"
        }
    },
    "n_parameters": 55015425,
    "prediction_type": "labels",
    "epoch_size": 273,
    "metrics": {
        "train": {
            "rmse": 0.5327096409110903,
            "mae": 0.4236453175544739,
            "r2": 0.4681032752008929,
            "score": -0.5327096409110903
        },
        "val": {
            "rmse": 0.5638854131868145,
            "mae": 0.44978976249694824,
            "r2": 0.40040276306810185,
            "score": -0.5638854131868145
        },
        "test": {
            "rmse": 0.5534980539616781,
            "mae": 0.4442092478275299,
            "r2": 0.4291248292273986,
            "score": -0.5534980539616781
        }
    },
    "best_step": 12285,
    "time": "0:08:17.772711",
    "chunk_size": null,
    "eval_batch_size": 32768
}
