{
    "function": "bin.ensemble.main",
    "gpus": [
        "NVIDIA A100-SXM4-80GB"
    ],
    "config": {
        "seeds": [
            10,
            11,
            12,
            13,
            14
        ],
        "data": {
            "path": ":data/maps-routing"
        }
    },
    "single_model_function": "bin.xgboost_.main",
    "prediction_type": "labels",
    "metrics": {
        "train": {
            "rmse": 0.10985270979140893,
            "mae": 0.0840507224202156,
            "r2": 0.9150650439720898,
            "score": -0.10985270979140893
        },
        "val": {
            "rmse": 0.16084328273114623,
            "mae": 0.12151537835597992,
            "r2": 0.8173371378349124,
            "score": -0.16084328273114623
        },
        "test": {
            "rmse": 0.1609296095404507,
            "mae": 0.12187311053276062,
            "r2": 0.8172718282512752,
            "score": -0.1609296095404507
        }
    }
}
